Name,Phone,Phone type,Other phone,Email,Website,Address,City,State,Pincode,Category,Rating,Reviews,Hours (today),Latitude,Longitude,Google Maps link,Searched keyword,Country,Details link,Facebook,Instagram,LinkedIn,Twitter / X
Deccan Dental Clinic,+917387040464,Mobile,,drpriyankasavkar@gmail.com,http://www.bestorthodontistbracespune.in/,"759/53, 1st floor, Ferguson College Rd, Opposite Chitalebandhu Garware bridge corner, Deccan Gymkhana, Pune, Maharashtra 411004",Pune,Maharashtra,411004,Dental clinic,4.7,888,Open · Closes 9 pm,18.515844,73.841866,https://www.google.com/maps?cid=12664193249367488453,dentist,India,,https://www.facebook.com/DeccanDentalClinic/,https://www.instagram.com/deccan.dental/,,https://twitter.com/orthodntistPune
Dr Surbhi Bhatia,+919028151133,Mobile,,lifeberrieshealthcare@gmail.com,http://lifeberrieshealth.in/,"4th Floor, Lifeberries Health, 403A, Airport Rd, above Dorabjee’s VIP, Town Square, Mhada Colony, Viman Nagar, Pune, Maharashtra 411014",Pune,Maharashtra,411014,Dentist,4.9,1510,Open · Closes 8:30 pm,18.568548,73.90719,https://www.google.com/maps?cid=5558223391699436825,dentist,India,,,,,
Dr Ratnika's - Smile Up Dental Clinic,+918999751605,Mobile,,,http://www.drratnikasmileup.in/,"Shop No 109,Upper Ground Floor, OPG & Implant Center, Gera's Park View, near Eon Free Zone Road, Kharadi, Pune, Maharashtra 411014",Pune,Maharashtra,411014,Dental clinic,4.8,1139,Open · Closes 9:30 pm,18.554903,73.95334,https://www.google.com/maps?cid=4051045943311298548,dentist,India,,,https://www.instagram.com/drratnika_punebestdentist/,,
OM HAPPY,+918668287160,Mobile,,info@omhappyteeth.com,https://www.omhappyteeth.com/,"202, Royal Avenue, Above Pradeep Sweet Pimple Saudagar near hotel shivar garden, Shivar Chowk, Pune, Maharashtra 411017",Pune,Maharashtra,411017,Dentist,4.9,1213,Open · Closes 9 pm,18.595274,73.78831,https://www.google.com/maps?cid=11583208785368674485,dentist,India,,https://www.facebook.com/omhappyteethpune/,https://www.instagram.com/omhappyteeth_,,
Raj Dental surgery & implant clinic(since 2001),+919860880461,Mobile,,,https://rajdentalsurgery.in/,"Office.no 7&8,First Floor, Chandan Shopping Center, opp. Shivaji statue, Chandan Nagar, Pune, Maharashtra 411014",Pune,Maharashtra,411014,Dentist,4.9,914,Open · Closes 8:30 pm,18.562103,73.93163,https://www.google.com/maps?cid=15078156213348741299,dentist,India,,https://www.facebook.com/profile.php,https://www.instagram.com/rajdentalclinicpune/,,
Dental Galaxy®,+919604480444,Mobile,,dental.galaxy.pune@gmail.com,https://dentalgalaxy.in/,"201, 1st Floor, 1443, Kaustubh (Gore) Apts, Bajirao Rd, near Janata Bank, Pune, Maharashtra 411002",Pune,Maharashtra,411002,Dental clinic,4.9,1291,Closes soon · 8 pm,18.51246,73.85391,https://www.google.com/maps?cid=2972832717320688860,dentist,India,,https://www.facebook.com/DentalGalaxy/,https://www.instagram.com/dental.galaxy/,https://in.linkedin.com/in/dr-rahul-kathariya-208a7225,https://twitter.com/DentalGalaxy32
DR RATHOD DENTAL CLINIC,+919763077717,Mobile,,,,"Building number 5, flat number 14, neeta park Society, Yerawada, Pune, Maharashtra 411006",Pune,Maharashtra,411006,Dentist,4.9,653,Open · Closes 9 pm,18.548506,73.88946,https://www.google.com/maps?cid=9594704547099223495,dentist,India,,,,,
Microdent Dentistry,+917264008000,Mobile,,,https://microdentdentistry.com/,"Ground Floor, block 4, Sarvadarshan Co-op Housing Society Ltd Abhinav Chowk, Karve Rd, opp. Saraswat Bank, Nal Stop, Pune, Maharashtra 411004",Pune,Maharashtra,411004,Dental clinic,4.9,301,Open · Closes 9 pm,18.508362,73.83032,https://www.google.com/maps?cid=2077186588249292387,dentist,India,,https://www.facebook.com/Microdentdentistry,https://www.instagram.com/microdentdentistry/,,
32 smiles,+917058675095,Mobile,,contact32smiles@gmail.com,https://32smiles.co.in/,"Jewel Square mall, 112, First Floor, Koregaon Rd, Near Taj Blue Diamond, वासनी नगर, Koregaon Park, Pune, Maharashtra 411001",Pune,Maharashtra,411001,Dental clinic,4.9,474,Open · Closes 8:30 pm,18.538862,73.88577,https://www.google.com/maps?cid=12048752769002927782,dentist,India,,https://facebook.com/32smilespune,https://www.instagram.com/32smiles_pune/,https://www.linkedin.com/company/32-smiles/,https://twitter.com/32smilespune
Dental Stories | Best dental clinic in Pune | Top dentist in Pune | Best dental clinic near Boat Club,+918390762129,Mobile,,care@dentalstoriespune.com,https://dentalstoriespune.com/,"the Exit gate of Ruby Hall Clinic, Dental Stories, Office No 103, First Floor, Gagan Capital, At, Balkrishna Sakharam Dhole Patil Rd, Pune, Maharashtra 411001",Pune,Maharashtra,411001,Dentist,5,84,Open · Closes 10 pm,18.534357,73.87655,https://www.google.com/maps?cid=15643145579557621317,dentist,India,,,https://www.instagram.com/dentalstoriespune,,
Dr Dudhmal's Blossom Dentofacial Multispeciality clinic,+919284168807,Mobile,,blossomdentofacia14@gmial.com,https://drvijendrablossom.com/,"734,First Floor, Gajraj Chowk, In between Kalyani Hospital and Dr.Bhoi's Gayatri Clinic, above Gurukrupa Medical, next to Rashtrabhushan chowk, Guruwar Peth, Maharashtra 411042",Guruwar Peth,Maharashtra,411042,Dentist,5,288,Open 24 hours,18.50405,73.859146,https://www.google.com/maps?cid=8177584890383717712,dentist,India,,,,,
SmyleXL Dental Clinic Viman Nagar,+919689780000,Mobile,,hello@smylexl.com,https://smylexl.com/dental-clinic-in-viman-nagar/,"1st floor, Town Square Building, A-108, Airport Rd, Viman Nagar, Pune, Maharashtra 411014",Pune,Maharashtra,411014,Dental clinic,4.9,939,Closes soon · 8 pm,18.568552,73.907425,https://www.google.com/maps?cid=1092161326986829177,dentist,India,,https://www.facebook.com/Smyle-XL-1867054226932620/,https://www.instagram.com/smylexl/,https://www.linkedin.com/company/40914958,
32Smiles,+917276057079,Mobile,,contact32smiles@gmail.com,https://32smiles.co.in/,"Premium Point, 1321/1, Jangali Maharaj Rd, opp. Modern Highschool, near Titan Showroom, Shivajinagar, Pune, Maharashtra 411005",Pune,Maharashtra,411005,Dental clinic,4.8,1099,Closes soon · 7:45 pm,18.524612,73.84966,https://www.google.com/maps?cid=2589923935531829092,dentist,India,,https://facebook.com/32smilespune,https://www.instagram.com/32smiles_pune/,https://www.linkedin.com/company/32-smiles/,https://twitter.com/32smilespune
Dr. Thareja's Dental Care | Dentist in Kalyani Nagar Pune,+919960409050,Mobile,,,https://www.tharejasdental.com/,"Fortaleza Society, 204, above HDFC Bank, Kalyani Nagar, Pune, Maharashtra 411006",Pune,Maharashtra,411006,Dental clinic,4.9,402,Open · Closes 8:30 pm,18.546072,73.90413,https://www.google.com/maps?cid=8973772907516223713,dentist,India,,https://www.facebook.com/tharejasdental/,,https://www.linkedin.com/company/dr-thareja-dental-care/,https://twitter.com/TharejasC
Dr.Mathesul Invisalign Braces and Dental Implant Clinic,+918983101099,Mobile,,info@dentist-pune.com,https://dentist-pune.com/,"1st Floor, F6, Gera's 77 Building Chowk, Pune - Nagar Rd, next to Punjab National Bank, Ramwadi, Kalyani Nagar, Pune, Maharashtra 411006",Pune,Maharashtra,411006,Dental clinic,4.9,885,Open · Closes 9 pm,18.55415,73.905846,https://www.google.com/maps?cid=12838604017954553902,dentist,India,,https://www.facebook.com/pune.dentist,https://www.instagram.com/invisalign_orthodontist_pune/,https://www.linkedin.com/in/dentistpuneorthodontistbraces,https://twitter.com/dentist1pune
Morya Dental Clinic -Advanced Root Canal & Multispeciality Dental Clinic Pune,+919518707398,Mobile,,,https://www.drkapsemoryadentalclinic.com/,"Shop no 1, Siddheshwar Nagar Cooperative Housing Society, Airport Rd, near IDBI Bank, Vishrantwadi, Pune, Maharashtra 411015",Pune,Maharashtra,411015,Dentist,5,472,Open · Closes 10:30 pm,18.57412,73.884445,https://www.google.com/maps?cid=3341909591140051460,dentist,India,,,,,
Dr. Punekar Multi-Specialty Dental Clinic Since 1991,+919422004685,Mobile,,,,"Besides Shee Chinese Restaurant, Kubera Park Housing Society, After Flyover, next to Fakri Hills, Kondhwa, Pune, Maharashtra 411048",Pune,Maharashtra,411048,Dentist,5,367,Open · Closes 8:30 pm,18.483025,73.88988,https://www.google.com/maps?cid=7184444157688952161,dentist,India,,,,,
Dr Shardul Sontakke,+919422356105,Mobile,+912025455680,,http://www.smilegallery.in/,"2, ""Shakuntal"", 46, 10, Law College Rd, near Nal Stop, Erandwane, Pune, Maharashtra 411038",Pune,Maharashtra,411038,Dentist,4.9,149,Open · Closes 9 pm,18.509039,73.83024,https://www.google.com/maps?cid=2196952743239850591,dentist,India,,,,,
Cosmodental Clinic and Implant Centre Wanowrie (Pune),+918468982998,Mobile,,cosmodentalclinicpune@gmail.com,https://www.cosmodentalclinic.com/,"Shop No. 1, Vishal Enclave, beside Cotton King Showroom, Fatima Nagar, Wanowrie, Pune, Maharashtra 411040",Pune,Maharashtra,411040,Dental clinic,5,406,Open · Closes 8:30 pm,18.500555,73.90075,https://www.google.com/maps?cid=18138685705334757532,dentist,India,,https://www.facebook.com/DrJollysinha/,https://instagram.com/cosmodental_and_implant_centre,,
Shah Multispeciality Dental care centre,+919767471117,Mobile,,info@flysmileage.com,https://flysmileage.com/,"Shop No.1/2, Vitthal Rukhmani Complex, Mahatma Phule Rd, below Lifeline Diagnostic Center, Raviwar Peth, Pune, Maharashtra 411002",Pune,Maharashtra,411002,Dentist,4.9,359,Open · Closes 8:30 pm,18.510492,73.86235,https://www.google.com/maps?cid=2161582605236801313,dentist,India,,https://www.facebook.com/fly.thenewsmileage,https://www.instagram.com/fly_thenewsmileage/,,
Pathak Clinic,+919762126132,Mobile,,manishpathak320@gmail.com,https://www.pathakdentalclinic.com/,"11/11 Akurdi Chikhli Road, Near Dwarka Collection Kasturi market, Sambhaji Nagar, Thermax Chowk, below nutan Jewellers, Chinchwad, Pimpri-Chinchwad, Maharashtra 411019",Pimpri-Chinchwad,Maharashtra,411019,Dental clinic,4.9,1691,Open · Closes 10 pm,18.662859,73.79449,https://www.google.com/maps?cid=16183339055801558614,dentist,India,,https://www.facebook.com/pathakdentalclinic/,https://www.instagram.com/pathakdental/,,
Dr.Bhirud's Sweet Smile Dental Clinic,+918087074677,Mobile,,sweetsmileclinic@outlook.com,http://www.sweetsmiledental.com/,"7,Chambers, at KEYS Hotel, Old Mumbai - Pune Hwy, above Tanishq, Pimpri Colony, Pune, Pimpri-Chinchwad, Maharashtra 411018",Pimpri-Chinchwad,Maharashtra,411018,Dental clinic,4.8,523,Closes soon · 8 pm,18.63148,73.80157,https://www.google.com/maps?cid=440691874645035445,dentist,India,,https://www.facebook.com/sweetsmiledental,https://www.instagram.com/clinicsweetsmile,,https://x.com/drbhirudsdental
Vinaykia Dental Care | Best Dental Clinic in Pune | Dentist in Pune,+918446571232,Mobile,,care@vinaykiadentalcare.com,https://vinaykiadentalcare.com/,"Shop no 7, amar centre, 15, august chowk, opposite Sujata Mastani, Somwar Peth, Pune, Maharashtra 411011",Pune,Maharashtra,411011,Dentist,5,437,Open · Closes 9 pm,18.522015,73.865715,https://www.google.com/maps?cid=14421718728582573827,dentist,India,,,,,
Laconic Studio,+919422352897,Mobile,,laconicdentalstudio@gmail.com,https://www.laconicdental.com/,"Third Floor, Shree Ganesh Ace Arcade, 306, Kokane Chowk, opposite MIRCHANDANI PALMS, Pimple Saudagar, Maharashtra 411017",Pimple Saudagar,Maharashtra,411017,Dentist,4.9,589,Open · Closes 9 pm,18.597942,73.78866,https://www.google.com/maps?cid=14131795746987710348,dentist,India,,https://www.facebook.com/laconicdentalstudio,https://www.instagram.com/laconic_dental/,,
Tooth Easy Dental Clinic,+919922866622,Mobile,,contact@tootheasy.com,https://www.tootheasy.com/,"First floor, Samadhan Building, Goodluck Chowk, 103, Bhandarkar Rd, next to The Oakwood hotel, Deccan Gymkhana, Pune, Maharashtra 411004",Pune,Maharashtra,411004,Dental clinic,4.9,158,Open · Closes 8:30 pm,18.517567,73.8406,https://www.google.com/maps?cid=17055904065101508240,dentist,India,,,,,
PUNE-DENTALAND,+917559356392,Mobile,,,,"shop no 8, ground floor, Roshani Palace, Bajirao Rd, next to Dakshinmukhi maruti Temple, behind Shaniwar wada, Shaniwar Peth, Pune, Maharashtra 411002",Pune,Maharashtra,411002,Dentist,4.9,78,Open · Closes 9 pm,18.518404,73.85436,https://www.google.com/maps?cid=17201799813636685507,dentist,India,,,,,
Mootha Dental Care,+919529604216,Mobile,,drmoothasdentalclinic@gmail.com,https://moothadental.com/,"Shop No S2, S3, Second Floor, Destination Center, Magarpatta, Hadapsar, Pune, Maharashtra 411013",Pune,Maharashtra,411013,Dental clinic,4.9,683,Open · Closes 9:30 pm,18.509918,73.92858,https://www.google.com/maps?cid=3968683055897286145,dentist,India,,https://www.facebook.com/profile.php,https://www.instagram.com/moothadentalcare/,https://www.linkedin.com/company/dr-mootha-s-dental-clinic/about/,
Smilex Dental Implant,+919765407660,Mobile,,smilex.info1@gmail.com,https://smilex.co.in/,"3rd Floor, Rahul Capital, Prabhat Rd, Erandwane, Pune, Maharashtra 411004",Pune,Maharashtra,411004,Dental clinic,4.9,544,Closes soon · 8 pm,18.514353,73.83282,https://www.google.com/maps?cid=193766353412677211,dentist,India,,https://www.facebook.com/Smilexdentalcare/,https://www.instagram.com/smilexdentalcare/,,
Gum Care Dental Clinic,+919860428656,Mobile,,vaishnavinaik0612@gmail.com,http://gumcaredental.com/,"140, 141, opposite Kasba Ganesh Temple, Kasba Peth, Pune, Maharashtra 411011",Pune,Maharashtra,411011,Dentist,4.9,228,Open · Closes 8:30 pm,18.519205,73.85723,https://www.google.com/maps?cid=15375773708681138759,dentist,India,,https://www.facebook.com/Neurgaonkar.dental.clinic/,https://www.instagram.com/gumcaredental/,,
Happy Teeth Dental Clinic- Dr Mrunal Kale (BEST DENTIST),+919527035789,Mobile,,,,"Happy Teeth Dental Clinic, 10 B, 15, Appasaheb Batalit Rd, Adarsh Colony, Tingre Nagar, Pune, Maharashtra 411032",Pune,Maharashtra,411032,Dental clinic,4.9,234,Open · Closes 9 pm,18.57674,73.89296,https://www.google.com/maps?cid=2228268164309211689,dentist,India,,,,,
Acme Dental Lounge ®,+919923459984,Mobile,,info@www.acmedental.in,https://acmedental.in/,"Office no. 4, 2nd floor, Westend Shopping Building, Acme Dental Lounge, New DP Rd, opp. D'Mart, Ward No. 8, Aundh, Pune, Maharashtra 411007",Pune,Maharashtra,411007,Dental clinic,4.9,1401,Closed · Opens 10:30 am Sun,18.566448,73.80767,https://www.google.com/maps?cid=3983877760138644117,dentist,India,,https://www.facebook.com/AcmeDentallounge,https://www.instagram.com/acmedental_lounge/,,
Dr. Tooth Advanced Dental Care,+918087783344,Mobile,,,,"Vinayak Smruti Apartments, 114/A, Prabhat Rd, opp. Prabhat police chowki, Pune, Maharashtra 411004",Pune,Maharashtra,411004,Dental clinic,5,320,Closes soon · 8 pm,18.514137,73.833664,https://www.google.com/maps?cid=4380333259038429061,dentist,India,,,,,
TruSmile Dental Clinic,+917070406071,Mobile,,,https://trusmile.co.in/,"Sr No 73, Karan Nagari, Bhagwan Tatyasaheb Kawade Rd, Ghorpadi, Pune, Maharashtra 411001",Pune,Maharashtra,411001,Dental clinic,5,242,Open · Closes 9 pm,18.524944,73.90612,https://www.google.com/maps?cid=10684235982511637891,dentist,India,,,,,
Dr. Sabina | Roots Dental Clinic | Dentist in Wanowrie,+919921231399,Mobile,,,http://drsabinashaikh.com/,"One Place - Commercial Spaces, 108, Road, near Salunke Vihar Road, near Green Acres & Girme Heights, Oxford Village, Wanowrie, Pune, Maharashtra 411040",Pune,Maharashtra,411040,Dental clinic,5,101,Open · Closes 9 pm,18.481455,73.903404,https://www.google.com/maps?cid=9101237278810939632,dentist,India,,,,,
Dr. Ajwani's Dental Center,+917709152097,Mobile,,ajwanidentalcare@gmail.com,http://www.drajwanis.com/,"Sukhwani Park Society, 5, N Main Rd, Liberty Phase 2, Ragvilas Society, Koregaon Park, Pune, Maharashtra 411001",Pune,Maharashtra,411001,Dental clinic,4.9,257,Closes soon · 8 pm,18.539366,73.899574,https://www.google.com/maps?cid=14420995853577637385,dentist,India,,https://www.facebook.com/ajwanidentalcare/,http://www.instagram.com/ajwani_dental,,https://twitter.com/DrDimpleVaswani
Mint Dentistry Pune,+919005168008,Mobile,,,https://sites.google.com/view/mint-dentistry-pune/,"Shreedatta building, 202 B, Late GA Kulkarni Path, opp. karishma society, Kothrud, Pune, Maharashtra 411038",Pune,Maharashtra,411038,Dental clinic,5,153,Closes soon · 8 pm,18.502447,73.82154,https://www.google.com/maps?cid=4603297986448569274,dentist,India,,,,,
Ambika Dental Health Care,+919420946694,Mobile,,ambikadentalcare88@gmail.com,https://ambikadentalhealthcare.in/,"Munurwar Housing Society, 13,"" Deepstambha, Post Office Road, opposite Bhairavnath Udyan, Dhanvantari Colony, Wadgaon Sheri, Pune, Maharashtra 411014",Pune,Maharashtra,411014,Dental clinic,4.9,301,Open · Closes 9 pm,18.543901,73.92604,https://www.google.com/maps?cid=12712959502200962342,dentist,India,,,https://www.instagram.com/ambika.dental.care/,,
SmilePro Dental Care,+919075033667,Mobile,,info@smilepro.in,https://smilepro.in/,"3rd floor, Garud House, 1101/1, 301, Lakaki Rd, Model Colony, Shivajinagar, Smilepro, Pune, Maharashtra 411016",Pune,Maharashtra,411016,Dentist,4.9,70,Open · Closes 9 pm,18.528175,73.84054,https://www.google.com/maps?cid=273229169313563364,dentist,India,,https://www.facebook.com/smileprodentalcare,https://www.instagram.com/smileprodentistindia/,https://in.linkedin.com/company/smilepro-dental-care,
Aple Dentist,+919850389183,Mobile,,contact@apledentist.in,https://apledentist.in/,"Apolo, to, KEM road, Rasta Peth, Pune, Maharashtra 411011",Pune,Maharashtra,411011,Dental clinic,4.9,162,Open · Closes 8:30 pm,18.519703,73.86611,https://www.google.com/maps?cid=2532477477892889942,dentist,India,,https://www.facebook.com/apledentist,https://www.instagram.com/apledentist/,,
Shwet Dental Clinic (Dentist) in NIBM,+919665999152,Mobile,,enquiry@shwetdentalclinic.com,https://shwetdentalclinic.com/,"Office 106, La Ventana, NIBM Post Office Rd, Nibm, Kondhwa, Pune, Maharashtra 411048",Pune,Maharashtra,411048,Dental clinic,5,441,Open · Closes 9 pm,18.477545,73.90533,https://www.google.com/maps?cid=5578093033702245721,dentist,India,,,,,
D-Dent Care,+918806380070,Mobile,,,https://ddentcare.com/,"GV54+9GC Sewa Mitra Mandal Chouk, 285, Chinchechi Talim Road, near Phadgate Police Station, Shukrawar Peth, Pune, Maharashtra 411002",Pune,Maharashtra,411002,Dental clinic,4.9,240,Open · Closes 9 pm,18.508211,73.85645,https://www.google.com/maps?cid=14656717392802439960,dentist,India,,,,,
iSmyle Dental Centre,+919890153073,Mobile,,,https://ismyle-dental-centre.grexa.site/,"Shop 9, Landmark Garden, North Ave, Pune, Maharashtra 411014",Pune,Maharashtra,411014,Dental clinic,4.9,243,Open · Closes 9 pm,18.548643,73.90563,https://www.google.com/maps?cid=3434941910099017807,dentist,India,,,,,
Pearl Dental Clinic,+917798976967,Mobile,,jmohitey@gmail.com,https://www.pearldentalpune.in/,"Magarpatta Rd, above Axis and Indusind bank, Hadapsar, Pune, Maharashtra 411036",Pune,Maharashtra,411036,Dental clinic,4.9,376,Open · Closes 9 pm,18.523037,73.93238,https://www.google.com/maps?cid=2489382004001665262,dentist,India,,,,,
Dr.Nikhil Yadav 's Smile up Dental care and Implant centre.,+917204541006,Mobile,,,,"2082/83, Khumbar Bavdi, opposite Kavediya chest hospital, opposite Fernandez bakery, Camp, Pune, Maharashtra 411001",Pune,Maharashtra,411001,Dentist,5,428,Closes soon · 8 pm,18.50726,73.87828,https://www.google.com/maps?cid=9866933083081221413,dentist,India,,,,,
Dr. Sneha-The Dental Studio,+919766655007,Mobile,,snehakhanorkar59215@gmail.com,https://drsneha.drxpro.in/,"Ground Floor, Swaraj Complex, Shop No.2/3/4, opp. Datta Mandir, Wadgaon Sheri, Pune, Maharashtra 411014",Pune,Maharashtra,411014,Dental clinic,4.9,281,Open · Closes 9 pm,18.545654,73.9219,https://www.google.com/maps?cid=16422827275013251816,dentist,India,,,,,
All Smiles Family Dental Clinic in Shaniwar Peth | Best Dentist | Root Canal Treatment | Dental Implant in Shaniwar Peth,+919823125672,Mobile,,allsmiledentalcare1@gmail.com,https://drghorpadeallsmilesfamilydentalcarepune.com/,"Parvati Mata Housing Society, 359, Opposite Rasoi Dining Hall, Maharashtrs 411003, Shaniwar Peth, Pune, Maharashtra 411030",Pune,Maharashtra,411030,Dentist,4.9,163,Open · Closes 8:30 pm,18.518116,73.850395,https://www.google.com/maps?cid=3099899681598883482,dentist,India,,,https://www.instagram.com/allsmilesfamilydentalcare,,
Shriyan Dental Clinic,+919860512004,Mobile,,dr.viddulatajagtap@gmail.com,https://drviddulata.drxpro.in/,"Mundhwa Rd, Pingale Wasti, Koregaon Park Annexe, Mundhwa, Pune, Maharashtra 411036",Pune,Maharashtra,411036,Dental clinic,4.9,337,Open · Closes 9 pm,18.531033,73.91212,https://www.google.com/maps?cid=4719371254185576611,dentist,India,,,,,
"Fly Dental Clinic Bibwewadi, Pune",+918530834535,Mobile,,info@flysmileage.com,https://flysmileage.com/,"Shop #4, Gajara Housing Society, Bus Stop, Swami Vivekanand Rd, near Bharat Jyoti, Bibwewadi, Pune, Maharashtra 411037",Pune,Maharashtra,411037,Dental clinic,4.9,206,Open · Closes 8:30 pm,18.471142,73.86407,https://www.google.com/maps?cid=11480231372292041443,dentist,India,,https://www.facebook.com/fly.thenewsmileage,https://www.instagram.com/fly_thenewsmileage/,,
Dr. Sujeet’s Dental Care & Orthodontic Centre Pune,+918668974167,Mobile,,clinic@drsujeetortho.com,https://www.drsujeetortho.com/,"office no. 9 Building no, Vishnu Vihar Society, Survey no. 570, Gangadham - Shatrunjay Rd, Bibwewadi, Pune, Maharashtra 411037",Pune,Maharashtra,411037,Dental clinic,4.9,256,Open · Closes 9 pm,18.480988,73.86417,https://www.google.com/maps?cid=13037352494387894904,dentist,India,,https://www.facebook.com/people/Dr-Sujeets-Dental-Care-And-Orthodontic-center/61576044617078/,https://www.instagram.com/drsujeetdentalcare/,,
Sabka dentist - Tilak Road,+918291846990,Mobile,,info@sabkadentist.com,https://www.sabkadentist.com/dental-clinics-in-pune/tilak-road/,"1st Floor, N.K. Image Apartment Condominium, 6, Tilak Rd, opp. ICICI Bank, Sadashiv Peth, Pune, Maharashtra 411030",Pune,Maharashtra,411030,Dental clinic,4.7,1911,Closes soon · 8 pm,18.50746,73.85131,https://www.google.com/maps?cid=18403069846661835269,dentist,India,,https://www.facebook.com/SabkadentistIndia/,https://instagram.com/sabkadentist,https://www.linkedin.com/in/dr-manan-dhulia-7b87a767/,
Tooth Dental Clinic,+919823986367,Mobile,,shamal@toothclinicpune.in,https://toothclinicpune.in/,"Shop No 1 Murlidhar Apts,73 CTS Somwar Peth Close To Kamala Nehru Hospital, Pune, Maharashtra 411011",Pune,Maharashtra,411011,Dental clinic,4.9,224,Closes soon · 8 pm,18.52173,73.86275,https://www.google.com/maps?cid=13348212096068698027,dentist,India,,,,,
Celeb Smiles Cosmetic Dental & Implant Clinic,+919004342157,Mobile,,,https://www.instagram.com/celebsmiles_dentalclinic?igsh=Z2hyeWU0cG9hZWV0,"Shop No LS6, Riddhi Siddhi Complex Bank of Baroda Building, Sinhgad Rd, near CNG petrol pump, Pune, Maharashtra 411030",Pune,Maharashtra,411030,Dentist,4.9,248,Open · Closes 9 pm,18.492188,73.83395,https://www.google.com/maps?cid=12523963890205409580,dentist,India,,https://developers.facebook.com/docs/instagram,https://www.instagram.com/celebsmiles_dentalclinic,,
PEARL DENTAL CARE,+918600707788,Mobile,,pdcpune4u@gmail.com,https://pearl.dental-care.co.in/,"Hotel Utsav Building SHIVNERI PATH, Satara Rd, near CityPride Multiplex, Market Yard, Corner, Pune, Maharashtra 411037",Pune,Maharashtra,411037,Dental clinic,4.9,122,Open · Closes 9 pm,18.489084,73.85785,https://www.google.com/maps?cid=8630138812868595259,dentist,India,,,https://www.instagram.com/pearldentalpune,,
Dental Care & Oral Surgery Clinic,+919860038408,Mobile,,dentalcarejm@gmail.com,https://dentalclinicinpune.in/,"Shop No 1B, Ground Floor, Media House, Jangali Maharaj Rd, behind Color Plus/ Apple Unicorn Showroom, Shivajinagar, Pune, Maharashtra 411005",Pune,Maharashtra,411005,Dental clinic,4.9,99,Open · Closes 9 pm,18.524607,73.8501,https://www.google.com/maps?cid=15315755406878610135,dentist,India,,https://www.facebook.com/dentalcarejmroad,https://www.instagram.com/dental_care_clinic_pune/,,
"Clove Dental Clinic - Walvekar Nagar, Pune",+919667353232,Mobile,+914038245733,dentist@clovedental.in,https://clovedental.in/dentist-near-me/pune/walvekar-nagar,"Prabha Laxman Apartments, Shiv Darshan Rd, near RBL bank, Walvekar Nagar, Parvati Paytha, Pune, Maharashtra 411009",Pune,Maharashtra,411009,Dental clinic,4.8,635,Closes soon · 7:30 pm,18.482365,73.854294,https://www.google.com/maps?cid=7693784672319045114,dentist,India,,https://www.facebook.com/clovedentalindia,https://www.instagram.com/clovedentalindia/,https://www.linkedin.com/company/clove-dental/,https://x.com/Clove_Dental
OrthoSquare Dental Clinic,+918071820893,Mobile,,,https://dental-clinics.orthosquare.com/near-me/pune/Erandwane/orthosquare-dental-clinic-in-Erandwane-pune--1Tbh7b/home,"Indrapushp Building, 15/3, Karve Rd, nearby Ranka Jewellers, Erandwane, Pune, Maharashtra 411004",Pune,Maharashtra,411004,Dental clinic,4.8,732,Closes soon · 8 pm,18.50984,73.83405,https://www.google.com/maps?cid=14978538276277191724,dentist,India,,https://www.facebook.com/Orthosquare,https://www.instagram.com/orthosquaredental/,https://in.linkedin.com/company/orthosquare,
Dr. Rahul,+917875449999,Mobile,,dental.galaxy.pune@gmail.com,http://dentalgalaxy.in/,"201, 1st Floor, 1443, Kaustubh (Gore) Apts, Dental Galaxy, 201, 1st floor, 1443 Kaustubh (Gore) Apts, Bajirao Rd, near Janata Bank, Pune, Maharashtra 411002",Pune,Maharashtra,411002,Dentist,4.9,445,Closes soon · 8 pm,18.512472,73.85394,https://www.google.com/maps?cid=13541887774997709555,dentist,India,,https://www.facebook.com/DentalGalaxy/,https://www.instagram.com/dental.galaxy/,https://in.linkedin.com/in/dr-rahul-kathariya-208a7225,https://twitter.com/DentalGalaxy32
Dr. Harshal's dental Clinic,+918888478098,Mobile,,,,"Shop No. 3, Pendse Bhawan, Tilak Rd, opposite Durvankur Dining Hall, Sadashiv Peth, Pune, Maharashtra 411030",Pune,Maharashtra,411030,Dental clinic,4.9,284,Closes soon · 8 pm,18.510685,73.845894,https://www.google.com/maps?cid=7992247824469461701,dentist,India,,,,,
"Le Dental Esthetique – Dr. Charvee Devjee | Dentist & Orthodontist, Yerawada",+919405762667,Mobile,,,https://ledentalesthetique.co.in/,"Unit Number 11, 1st Floor, Nyati Unitree, West Building, Opposite Gunjan Theatre, Nagar Road, Yerawada, Near, Kalyani Nagar, Pune, Maharashtra 411006",Pune,Maharashtra,411006,Dentist,4.9,82,Open · Closes 8:30 pm,18.546726,73.88995,https://www.google.com/maps?cid=8773918445767637873,dentist,India,,,,,
Smile Stories,+918551936668,Mobile,,,https://smile-stories-2.preview.emergentagent.com/,"404- Triaa Polaris Opposite Magarpatta Shriyog Yoga Center, Main Road, Magarpatta, Pune, Maharashtra 411013",Pune,Maharashtra,411013,Dentist,4.9,335,Closes soon · 8 pm,18.505642,73.92546,https://www.google.com/maps?cid=15046227377017668706,dentist,India,,,,,
Dr.Aniket's Dental Square Pune,+917507316999,Mobile,,,https://www.justdial.com/Pune/Dranikets-Dental-Square-Pune-Azad-Nagar-Road-Wanowrie/020PXX20-XX20-160202153431-R1Z2_BZDET,"60/4, Kedari Nagar Rd, Salunkhe Vihar Society, Wanowrie, Pune, Maharashtra 411040",Pune,Maharashtra,411040,Dentist,5,141,Open · Closes 8:30 pm,18.482542,73.908714,https://www.google.com/maps?cid=14816601869562589723,dentist,India,,https://www.facebook.com/JustDial,https://www.instagram.com/jd_justdial,https://www.linkedin.com/company/justdial,https://twitter.com/jd_justdial
Advanced Dental Clinic by Dr. Garde,+912024213708,Landline,,,,"106, Decision Tower, Next To City Pride Cinema, Opposite Bhapkar Petrol Pump, Pune Satara Road, Pune Satara Road, Pune, Maharashtra 411037",Pune,Maharashtra,411037,Dental clinic,4.8,141,Open · Closes 8:30 pm,18.488087,73.85795,https://www.google.com/maps?cid=8079119799172964433,dentist,India,,,,,
Dental Care clinic by Dr. Junaid Tamboli,+918380058058,Mobile,,,,"Shop no. 2 zeba appartment 200 , Ganj peth Mominpura, opposite Makkah masjid nobel school, Maharashtra 411042",opposite Makkah masjid nobel school,Maharashtra,411042,Dental clinic,4.9,127,Open · Closes 9 pm,18.506067,73.86264,https://www.google.com/maps?cid=6121193000136904560,dentist,India,,,,,
Duggal Dental Clinic | Dentist in Camp | Dental Clinic in Camp | Root Canal | Dental Implant | Teeth Cleaning,+919860323030,Mobile,,info@duggaldentalclinic.com,http://www.duggaldentalclinic.com/,"2nd Floor, Mittal Court, B-11, Camp, Pune, Maharashtra 411011",Pune,Maharashtra,411011,Dental clinic,5,206,Closes soon · 8 pm,18.519905,73.872086,https://www.google.com/maps?cid=12812582944349667400,dentist,India,,https://m.facebook.com/DuggalDentalClinicPune/about/,https://www.instagram.com/duggaldentalclinic/,https://www.linkedin.com/company/the-physio9-clinic/,
"Clove Dental Clinic - Viman Nagar, Pune",+919667353232,Mobile,+914038245733,dentist@clovedental.in,https://clovedental.in/dentist-near-me/pune/viman-nagar,"Dorabjee Mall, Town Square building, Symbiosis Rd, above Subway, Mhada Colony, Viman Nagar, Pune, Maharashtra 411014",Pune,Maharashtra,411014,Dental clinic,4.7,581,Closes soon · 8 pm,18.56855,73.90783,https://www.google.com/maps?cid=4894015328894103320,dentist,India,,https://www.facebook.com/clovedentalindia,https://www.instagram.com/clovedentalindia/,https://www.linkedin.com/company/clove-dental/,https://x.com/Clove_Dental
Amayra Polyclinic & Dental Hub,+918669393931,Mobile,,amayrapolyclinic1@gmail.com,https://amayradentalpune.com/,"Opp Marvel Azure Society Besides to Gandharv Galaxia Mall Amanora Park Town Main Road Amanora Town, Magarpatta, Hadapsar, Pune, Maharashtra 411028",Pune,Maharashtra,411028,Dentist,4.9,391,Open · Closes 8:30 pm,18.522633,73.93502,https://www.google.com/maps?cid=8444642946403348415,dentist,India,,https://www.facebook.com/amayrapolyclinic,https://www.instagram.com/amayradental/,https://www.linkedin.com/company/amayra-the-polyclinic-dental-hub/,https://x.com/amayradentalhub
Sabka Dentist - Wanowrie,+919518769630,Mobile,,info@sabkadentist.com,https://sabkadentist.com/,"First Floor, Sacred World, F-05, Jagtap Chowk, near NIBM, Fatima nagar, Wanowrie, Pune, Maharashtra 411040",Pune,Maharashtra,411040,Dental clinic,4.8,362,Open · Closes 9 pm,18.49146,73.90027,https://www.google.com/maps?cid=11736977902177443234,dentist,India,,https://www.facebook.com/SabkadentistIndia/,https://instagram.com/sabkadentist,https://www.linkedin.com/company/3167093,
Borade Dental Clinic,+918149807144,Mobile,,,https://painless-dentist-5.preview.emergentagent.com/,"Borade dental clinic Dorabji enclave society, Salunke Vihar Rd, opp. south samrat hotel, Kondhwa, Pune, Maharashtra 411048",Pune,Maharashtra,411048,Dental clinic,4.8,327,Open · Closes 9 pm,18.481735,73.89607,https://www.google.com/maps?cid=12809339181490489367,dentist,India,,,,,
72hrs Smile Care Center - Dental clinic Pune,+918007272728,Mobile,,enquiry@72hrssmile.com,https://www.72hrssmile.com/,"C, Choice Apartment, C/o, Balkrishna Sakharam Dhole Patil Rd, near Ruby Hall Clinic, opp. Millenium Star, Pune, Maharashtra 411001",Pune,Maharashtra,411001,Dental clinic,5,186,Closes soon · 8 pm,18.532677,73.87645,https://www.google.com/maps?cid=14946955367438585784,dentist,India,,https://www.facebook.com/people/72hrs-Smile-Care-Centre/61560370874617/,https://www.instagram.com/72hrssmile/,,
Jabade Dental Kasba,+919226525757,Mobile,,dentistjabade@gmail.com,https://jabadedentalpune.in/,"JABADE DENTAL, CHOWK, Phadke Haud, Kasba Peth, Pune, Maharashtra 411011",Pune,Maharashtra,411011,Dentist,4.9,95,Open · Closes 9 pm,18.518766,73.859604,https://www.google.com/maps?cid=3677121672321153380,dentist,India,,,,,
Dentovationzz Dental Clinic,+919823049456,Mobile,,dentovationzz@gmail.com,https://shirazsait.wixsite.com/dentovationzz-dental,"Second Floor, Arth Vishwa Complex, Shop no 4, above Anokhi and Karagiri, Lane Number 5, opposite Natures Basket, Koregaon Park, Maharashtra 411001",Koregaon Park,Maharashtra,411001,Dentist,4.9,112,Open 24 hours,18.536768,73.89699,https://www.google.com/maps?cid=16094099469009151752,dentist,India,,http://www.facebook.com/dentovationzz,,,
Dr. Rajan's Advanced Dental & Surgical Lounge,+917666032150,Mobile,,drrajanjadhav@gmail.com,http://www.drrajandentallounge.com/,"Flat no.1, Abhyudaya Apartment, Sane Dairy, Bhandarkar Rd, above Bank of Baroda Besides, Pune, Maharashtra 411004",Pune,Maharashtra,411004,Dental clinic,5,66,Open · Closes 8:30 pm,18.51799,73.83702,https://www.google.com/maps?cid=1991058898735751720,dentist,India,,,,,
DDS- Digital Dentistry Specialist,+919673004407,Mobile,,drpritimunde@gmail.com,https://www.ddspune.com/,"First Floor, Eden Hall, Model Colony, Shivajinagar, Pune, Maharashtra 411016",Pune,Maharashtra,411016,Dental clinic,4.9,224,Closed · Opens 10 am Mon,18.532522,73.83408,https://www.google.com/maps?cid=16909415250262883225,dentist,India,,,,,
"Clove Dental Clinic - Dhole Patil Road, Pune",+914038245733,Landline,,,https://clovedental.in/dentist-near-me/pune/dhole-patil-road,"5th Avenue, Balkrishna Sakharam Dhole Patil Rd, next to Hotel Regency, Sangamvadi, Pune, Maharashtra 411001",Pune,Maharashtra,411001,Dental clinic,4.9,131,Closes soon · 7:30 pm,18.535055,73.875496,https://www.google.com/maps?cid=2362084259912607254,dentist,India,,,,,
Chauhan's Dental Care,+919834093554,Mobile,,chauhansdentalcare@gmail.com,https://www.chauhansdentalcare.com/,"302, 3rd Floor, Austin Belvedere, Baner Rd, near Ganaraj Chowk, opposite Reliance Digital, Baner, Pune, Maharashtra 411069",Pune,Maharashtra,411069,Dentist,4.8,536,Closes soon · 8 pm,18.563433,73.77693,https://www.google.com/maps?cid=5413457941031868277,dentist,India,,https://www.facebook.com/pg/Dr-Chauhans-Dental-Care-1535448623365656/about/,,,
The Arch and Artt Dentistry,+919158500021,Mobile,,,https://thearchandarttdentistry.in/,"B4, Ganesh Market, 6, Bibwewadi Kondhwa Rd, above Sirvi Bandhu Mithaiwale, Chawk, Ganga Dham, Pune, Maharashtra 411037",Pune,Maharashtra,411037,Dental clinic,4.9,554,Closes soon · 8 pm,18.481049,73.87252,https://www.google.com/maps?cid=17723915012057189357,dentist,India,,,,,
Krushna Orthodontic and Dental Clinic,+919890629988,Mobile,,smile@krushnaorthodontics.com,https://krushnaorthodontics.com/,"Flat no.102, Godavari Apts, Sinhgad Rd, Shivaprasad Housing Society, Dattawadi, Pune, Maharashtra 411030",Pune,Maharashtra,411030,Dental clinic,4.9,444,Closes soon · 8 pm,18.500563,73.84182,https://www.google.com/maps?cid=8284257284822456580,dentist,India,,https://www.facebook.com/Krushnaorthodonticanddentalclinic/,https://www.instagram.com/braces.invisalign.specialist/,,
Jehangir Oracare Dental Centre,+918412050597,Mobile,,contact@jehangiroracare.com,https://www.jehangiroracare.com/,"Jehangir Hospital, Ground Floor, Dental Department, 32, Sasoon Rd, Pune, Maharashtra 411001",Pune,Maharashtra,411001,Dental clinic,4.8,311,Closed · Opens 10 am Mon,18.53026,73.87685,https://www.google.com/maps?cid=11944398849227309010,dentist,India,,,,,
Sabka dentist - Viman Nagar,+918291847007,Mobile,,info@sabkadentist.com,https://www.sabkadentist.com/dental-clinics-in-pune/viman-nagar/,"Plot 45/13, Post Office & Shrikrishna Hotel, Rosewood Bldg, Shop No. - 1, B-Wing, near Viman Nagar Road, Lohegaon, Pune, Maharashtra 411014",Pune,Maharashtra,411014,Dental clinic,4.3,1394,Closes soon · 8 pm,18.565182,73.91755,https://www.google.com/maps?cid=16065292342337909976,dentist,India,,https://www.facebook.com/SabkadentistIndia/,https://instagram.com/sabkadentist,https://www.linkedin.com/in/dr-ankita-gada-93108750/,
Siddhant Dental Clinic,+918263069993,Mobile,,info@siddhantdentalclinic.com,https://www.siddhantdentalclinic.com/,"Office No-504, 5th Floor, Ivory Tower, Vasant Baug Rd, Prem Nagar, Vasant Baug Society, Bibwewadi, Pune, Maharashtra 411037",Pune,Maharashtra,411037,Dental clinic,5,60,Open 24 hours,18.48394,73.85786,https://www.google.com/maps?cid=5351110784101187542,dentist,India,,,,,
Suyog Dental Clinic,+918329067460,Mobile,,,https://suyogdentalclinic.com/,"Vishrantwadi Chowk, Maharashtra 411015",Vishrantwadi Chowk,Maharashtra,411015,Dental clinic,4.9,211,Open · Closes 9 pm,18.572855,73.877785,https://www.google.com/maps?cid=1149811423292460996,dentist,India,,https://www.facebook.com/suyogdentalclinicpune/,,,
Nanda Dental Clinic,+918530005370,Mobile,,mydentist@nandadentalcare.com,http://nandadentalcare.com/,"Chetna Apartments, 201, East St, Pune Cantonment, Pune, Maharashtra 411001",Pune,Maharashtra,411001,Dental clinic,4.6,111,Closes soon · 7:30 pm,18.512669,73.87963,https://www.google.com/maps?cid=5469082396787479633,dentist,India,,https://www.facebook.com/nandadentalcare/,https://www.instagram.com/nanda.dental.care/,,https://twitter.com/NandaDentalCare
KANKARIYA DENTAL CLINIC,+919226156789,Mobile,,,http://www.kankariyadentalclinic.com/,"Kankariya Dental Clinic , Shop no 2, Vishnukrupa Co Op Housing Society Nageshwar Mandir Road, Khadicha Maidan Chowk, Somwar Peth, Pune, Maharashtra 411011",Pune,Maharashtra,411011,Dental clinic,4.9,70,Open · Closes 9 pm,18.521732,73.863785,https://www.google.com/maps?cid=14234140731820909838,dentist,India,,,,,
Dental Solutions,+919890131301,Mobile,,,http://www.smileandskinco.in/,"Vastu Niravana, A 103, Baner - Pashan Link Rd, Pashan, Pune, Maharashtra 411021",Pune,Maharashtra,411021,Dental clinic,4.9,161,Closes soon · 8 pm,18.546629,73.7906,https://www.google.com/maps?cid=13117992085079233142,dentist,India,,,,,
Vanilla Smiles Dental Clinic,+917028029383,Mobile,,hi@vanillasmiles.dental,https://vanillasmiles.dental/,"Soni Capital Building, 1237, Apte Rd, opp. Apte Sabha Graha, Shivajinagar, Pune, Maharashtra 411004",Pune,Maharashtra,411004,Pediatric dentist,4.9,636,Closed · Opens 9 am Sun,18.51897,73.84301,https://www.google.com/maps?cid=6032716713831384444,dentist,India,,https://www.facebook.com/vanillasmiles.dental,https://www.instagram.com/vanillasmiles.dental/,,
Dr Chaudhari Multispecialty Dental Care Centre,+919371272767,Mobile,,drchaudharidental@gmail.co,https://www.drchaudharidental.in/,"shop no 21 bldg, A3, ARANYESHWAR PARK, near Aranyeshwar temple, opp. shivam dairy, Sahakar Nagar, phase2, Pune, Maharashtra 411009",Pune,Maharashtra,411009,Dentist,4.9,106,Closes soon · 8 pm,18.485128,73.85168,https://www.google.com/maps?cid=16425829583906758882,dentist,India,,,,,
Dental Kraft,+912041200727,Landline,,,,"Jewel Square, lower ground floor, Shop No. 2 & 3, Koregaon Park Road, next to Hotel Taj Vivanta, Pune, Maharashtra 411001",Pune,Maharashtra,411001,Dental clinic,4.9,190,Closed · Opens 9:30 am Mon,18.538994,73.88588,https://www.google.com/maps?cid=15096015727480263160,dentist,India,,,,,
Sabka dentist - Chinchwad,+918291847006,Mobile,,info@sabkadentist.com,https://www.sabkadentist.com/dental-clinics-in-pune/chinchwad/,"Shop No 11, S.N, 4510, Old Mumbai - Pune Hwy, behind Vijay Sales, Pimpri Colony, Pune, Maharashtra 411019",Pune,Maharashtra,411019,Dental clinic,4.3,919,Open · Closes 9 pm,18.633446,73.79818,https://www.google.com/maps?cid=61762386102698454,dentist,India,,https://www.facebook.com/SabkadentistIndia/,https://instagram.com/sabkadentist,http://linkedin.com/in/dr-jena-shah-01418188,
"Clove Dental Clinic - Kalyani Nagar, Pune",+919667353232,Mobile,+914038245733,dentist@clovedental.in,https://clovedental.in/dentist-near-me/pune/kalyani-nagar-pune,"Fortaleza Society, near kalyani veg restaurant, above GKB opticals, Kalyani Nagar, Pune, Maharashtra 411006",Pune,Maharashtra,411006,Dental clinic,4.9,193,Closes soon · 7:30 pm,18.545938,73.9052,https://www.google.com/maps?cid=10877589242743817915,dentist,India,,https://www.facebook.com/clovedentalindia,https://www.instagram.com/clovedentalindia/,https://www.linkedin.com/company/clove-dental/,https://x.com/Clove_Dental
"Clove Dental Clinic - Magarpatta, Pune",+919667353232,Mobile,+914038245733,dentist@clovedental.in,https://clovedental.in/dentist-near-me/pune/magarpatta,"No. 9, Second Floor, Destination Center, Magarpatta, Hadapsar, Pune, Maharashtra 411013",Pune,Maharashtra,411013,Dental clinic,4.8,354,Closes soon · 7:30 pm,18.509903,73.92841,https://www.google.com/maps?cid=7052725717961102153,dentist,India,,https://www.facebook.com/clovedentalindia,https://www.instagram.com/clovedentalindia/,https://www.linkedin.com/company/clove-dental/,https://x.com/Clove_Dental
Teeth,+917770015999,Mobile,,info@teethbythukral.com,http://www.teethbythukral.com/,"5th Floor, San Mahu Complex, 505, opp. Poona Club, Pune, Maharashtra 411001",Pune,Maharashtra,411001,Dental clinic,5,207,Closed · Opens 9 am Mon,18.522388,73.87762,https://www.google.com/maps?cid=5803222846421805861,dentist,India,,https://www.facebook.com/teethbythukral/,https://www.instagram.com/teethbythukral/,https://www.linkedin.com/in/sameer-thukral-04456448,
Dr. Shoeb’s Family,+918483886091,Mobile,,,,"Capital Shoping Mall Shop no. 110 NIBM, first, Kausar Baugh, Kondhwa, Pune, Maharashtra 411048",Pune,Maharashtra,411048,Dentist,4.8,292,Open · Closes 10 pm,18.47557,73.8918,https://www.google.com/maps?cid=11864226083212255546,dentist,India,,,,,
Sabka dentist - Kondhwa,+918291846995,Mobile,,info@sabkadentist.com,https://www.sabkadentist.com/dental-clinics-in-pune/kondhwa/,"3rd floor, Piccaso Plaza, 310 & 311, Kondhwa Main Rd, above Jyoti Restaurant, Kurd, Pune, Maharashtra 411048",Pune,Maharashtra,411048,Dental clinic,4.2,888,Closes soon · 8 pm,18.478184,73.89021,https://www.google.com/maps?cid=9390028081484615039,dentist,India,,https://www.facebook.com/SabkadentistIndia/,https://instagram.com/sabkadentist,https://www.linkedin.com/company/3167093,
Dr. Contractor’s Dental Care – Dental Clinic Ganesh Peth | Best Dentist in Rasta Peth | Dental Implant | Root Canal Treatment,+919325884194,Mobile,,info@contractorsdental.com,https://drcontractorsdentalcare.com/,"332, Laxmi Rd, Ganesh Peth, Pune, Maharashtra 411002",Pune,Maharashtra,411002,Dental clinic,4.8,174,Closes soon · 8 pm,18.516302,73.863434,https://www.google.com/maps?cid=16234462810073303940,dentist,India,,https://www.facebook.com/drcontractorsdentalclinic/,https://www.instagram.com/dr.contractors_dentalcare/,https://www.linkedin.com/company/dr-contractors-dental-care/,
Dr. Contractor's Dental Care – Dentist in Camp | Dental Clinic in Camp | Dental Implant Camp | Root Canal Treatment in Camp,+917972477837,Mobile,,info@contractorsdental.com,https://drcontractorsdentalcare.com/,"1969, Gaffar Baig St, Camp, Pune, Maharashtra 411001",Pune,Maharashtra,411001,Dental clinic,4.9,149,Closes soon · 8 pm,18.513948,73.87667,https://www.google.com/maps?cid=14574176827888923311,dentist,India,,https://www.facebook.com/drcontractorsdentalclinic/,https://www.instagram.com/dr.contractors_dentalcare/,https://www.linkedin.com/company/dr-contractors-dental-care/,
"Clove Dental Clinic - BT Kawade Road, Pune",+919667353232,Mobile,+914038245733,dentist@clovedental.in,https://clovedental.in/dentist-near-me/pune/bt-kawade-road,"Solace Park, Bhagwan Tatyasaheb Kawade Rd, Ghorpadi, Pune, Maharashtra 411036",Pune,Maharashtra,411036,Dental clinic,4.8,388,Closes soon · 7:30 pm,18.519764,73.90675,https://www.google.com/maps?cid=5892064591118382805,dentist,India,,https://www.facebook.com/clovedentalindia,https://www.instagram.com/clovedentalindia/,https://www.linkedin.com/company/clove-dental/,https://x.com/Clove_Dental
Dr. Sanika Jain,+919272058187,Mobile,,,https://bnbsc.in/,"Fifth Floor, Boulevard Towers, O-557, Sadhu Vaswani Chowk, near PUNE RAILWAY STATION, Pune, Maharashtra 411001",Pune,Maharashtra,411001,Dental clinic,5,14,Open · Closes 9 pm,18.526043,73.876366,https://www.google.com/maps?cid=9133193858837253067,dentist,India,,,,,
"Nitro Dentists - Kalyani Nagar, Pune",Not found,,,,,"First Floor, Fortaleza F Annex, above Sampath Hotel, near Metro Station, Prathamesh Society, Kalyani Nagar, Pune, Maharashtra 411006",Pune,Maharashtra,411006,Dental clinic,5,10,Open 24 hours,18.54662,73.901764,https://www.google.com/maps?cid=8402498451549070604,dentist,India,,,,,
Kids Dental Corner by Dr Abhinav Talekar,+919503079151,Mobile,,,,"OFFICE NO 19, FIRST FLOOR, Kumar Pavilion, East St, near Victory Cinema, Pune Cantonment, Pune, Maharashtra 411001",Pune,Maharashtra,411001,Pediatric dentist,4.9,247,Closes soon · 8 pm,18.51432,73.879715,https://www.google.com/maps?cid=6237471279859363153,dentist,India,,,,,
AVMSmiles Dental Wellness,+918062915997,Mobile,,u002f@avmsmiles.franchise,https://dental-clinics.avmsmiles.com/avmsmiles/pune/camp/avmsmiles-dental-clinic-in-camp-pune--1XM8SV/home,"Shop No 4 149, Upper Floor, Radiant Prime, East Street, MG Road, Pune Cantonment, Pune, Maharashtra 411001",Pune,Maharashtra,411001,Dental clinic,4.8,406,Closes soon · 8 pm,18.50747,73.879135,https://www.google.com/maps?cid=14248515023864011644,dentist,India,,https://www.facebook.com/avmsmiles.franchise,https://www.instagram.com/avmsmiles.franchise/,https://www.linkedin.com/company/avmsmiles/,
Dr. Neha's - The Tooth Stories,+918669185513,Mobile,,,https://www.thetoothstories.com/,"PCX8+PQR, Nangargaon, Lonavala, Maharashtra 410401",Lonavala,Maharashtra,410401,Dental clinic,5,14,Open · Closes 8:30 pm,18.749348,73.41691,https://www.google.com/maps?cid=17865224760046463577,dentist,India,,,,,
Smile craft dental clinic,Not found,,,,,"Q96F+4F4, Khopoli, Maharashtra 410301",Khopoli,Maharashtra,410301,Dental clinic,5,1,Add hours,18.760263,73.37371,https://www.google.com/maps?cid=9866250857144828037,dentist,India,,,,,
DAANTWALA DENTAL CLINIC AND ASHIRWAD HOSPITAL,+919405655657,Mobile,,,,"Pandit Jawaharlal Nehru Road, Shivaji Chowk, opposite Cinebliss Theatre, Hudco Colony, Lonavala, Maharashtra 410401",Lonavala,Maharashtra,410401,Dental clinic,4.7,161,Open · Closes 9 pm,18.746473,73.40832,https://www.google.com/maps?cid=12568014398903728205,dentist,India,,,,,
Sai Dental Clinic,+919284315209,Mobile,,,,"Chhatrapati Shivaji Maharaj Chauk, Khandala - Lonand Rd, Khandala, Maharashtra 412802",Khandala,Maharashtra,412802,Dental clinic,5,22,Closes soon · 8 pm,18.05881,74.02388,https://www.google.com/maps?cid=9130796114930071528,dentist,India,,,,,
Raj Laser Dental Care,+918411827474,Mobile,,info@rajdental.co.in,http://rajdental.co.in/,"Vardhaman Society, 24/2, Lonavala, Hudco Colony, Maharashtra 410401",Hudco Colony,Maharashtra,410401,Dental clinic,4.4,8,Add hours,18.745775,73.406906,https://www.google.com/maps?cid=3069729757207567779,dentist,India,,https://www.facebook.com/scalatica,,https://www.linkedin.com/company/scalatica-solutions,https://www.twitter.com/scalatica
Aarush Dental Care,Not found,,,,,"Q9GR+45M, Rama Equator, Morwadi, off Bombay -Pune, road, Pimpri Colony, Pune, Maharashtra 410403",Pune,Maharashtra,410403,Dental clinic,5,1,Closed · Opens 10 am Mon,18.775345,73.39043,https://www.google.com/maps?cid=5169078626432694402,dentist,India,,,,,
Dr. Oswals Dental Clinic,+917066226789,Mobile,,,http://www.droswalsdental.com/,"Shop No 2., Near 16, Neelkamal Shopping Centre, Tal Maval, Pune, Siddharth Nagar, Lonavala, Maharashtra 410401",Lonavala,Maharashtra,410401,Dental clinic,4.9,39,Open · Closes 8:30 pm,18.747202,73.408966,https://www.google.com/maps?cid=3439215606353553703,dentist,India,,,,,
Parmar Dental Studio,+918411916918,Mobile,,,,"Bhangarwadi Rd, opp. Mansi Book Stores, near Krishna Fast food, Lonavala, Maharashtra 410401",Lonavala,Maharashtra,410401,Dental clinic,4.9,100,Open · Closes 9 pm,18.746126,73.41455,https://www.google.com/maps?cid=9258656647831531544,dentist,India,,,,,
Nayyar Dental Clinic,+919822002818,Mobile,,,,"Bhangerwadi road,Opposite Parmar Hospital, above Mahendra Medicals, Lonavala, Maharashtra 410401",Lonavala,Maharashtra,410401,Dental clinic,4.1,11,Open · Closes 9 pm,18.747313,73.40878,https://www.google.com/maps?cid=3823802974380178016,dentist,India,,,,,
"Palandes Universal Dental clinic, Priti Sagar hights bhangarwadi lonavala",+919168915999,Mobile,,,,"Bhangarwadi Rd, opp. Ram Mandir, kusgaon budruk, Lonavala, Maharashtra 410401",Lonavala,Maharashtra,410401,Dentist,4.9,35,Closes soon · 8 pm,18.74565,73.416824,https://www.google.com/maps?cid=13958609520500032610,dentist,India,,,,,
Lunavat Dental Care And Implant Center,+919730448261,Mobile,,,,"new bazar, Lonavala, Maharashtra 410401",Lonavala,Maharashtra,410401,Dental clinic,5,16,Closes soon · 8 pm,18.748259,73.40669,https://www.google.com/maps?cid=15559088750182659083,dentist,India,,,,,
Prayag Dental Hospital,+919619182059,Mobile,,,,"1st floor, prayag dental hospital, east, Main Bazar Rd, above bank of maharasta, Lanavala, Lonavala, Maharashtra 410401",Lonavala,Maharashtra,410401,Dental clinic,4,4,Open · Closes 9 pm,18.746588,73.410416,https://www.google.com/maps?cid=5224049343954558153,dentist,India,,,,,
Patil Hospital & Dental Clinic,+919168475845,Mobile,,,,"PCV8+P99, Bhonde Highschool Road, Damodar Colony, Bhangarwadi, Lonavala, Maharashtra 410401",Lonavala,Maharashtra,410401,Dentist,3.5,24,Open 24 hours,18.744299,73.41598,https://www.google.com/maps?cid=6975938524060215046,dentist,India,,,,,
Smile Care Dental Clinic,+919922915135,Mobile,,,,"Nakoda Complex Rd, New Bazar, Lonavala, Maharashtra 410401",Lonavala,Maharashtra,410401,Dental clinic,4.2,5,Add hours,18.747835,73.406876,https://www.google.com/maps?cid=12378048550529124259,dentist,India,,,,,
Oscar Eye Hospital and Dental Clinic,+919373170208,Mobile,,,,"1st Floor, Charudatta Apartment, opp. Yograj Novelty, near Ganpati Mandir, Bhangarwadi, Lonavala, Maharashtra 410401",Lonavala,Maharashtra,410401,Hospital,4.8,40,Closes soon · 8 pm,18.746174,73.41513,https://www.google.com/maps?cid=1583368409533660401,dentist,India,,,,,
Dr. Hema Parakh dental clinic,Not found,,,,,"PCX4+CR6, New bazaar, Lonavala, Maharashtra 410401",Lonavala,Maharashtra,410401,Doctor,5,6,Closed · Opens 10 am Sun,18.748543,73.40702,https://www.google.com/maps?cid=11293503680863831218,dentist,India,,,,,
Dr Neelam Patil,Not found,,,,,"PCR7+XHH, Bhangarwadi, Lonavala, Maharashtra 410401",Lonavala,Maharashtra,410401,Dental clinic,5,1,Add hours,18.742441,73.41399,https://www.google.com/maps?cid=2502411110584047350,dentist,India,,,,,
Lonavla Bazaar,Not found,,,,,"Nangargaon Industrial Estate, opp. State Bank of India, Nagargaon, Lonavala, Maharashtra 410401",Lonavala,Maharashtra,410401,Grocery store,4.2,459,Closed · Opens 9:30 am Sun,18.748241,73.42255,https://www.google.com/maps?cid=9396969252717714935,dentist,India,,,,,
Dental Clinic,Not found,,,,,"PCW8+87J, Damodar Colony, Bhangarwadi, Lonavala, Maharashtra 410401",Lonavala,Maharashtra,410401,Dentist,,,Add hours,18.745834,73.41573,https://www.google.com/maps?cid=14197658772919055463,dentist,India,,,,,
INS Shivaji Lonavla,Not found,,,,,"P9FP+9FJ, Kurvande, Maharashtra 410402",Kurvande,Maharashtra,410402,College,4.7,64,Add hours,18.72346,73.386154,https://www.google.com/maps?cid=8693768482424496313,dentist,India,,,,,
Dr. Shivaji's dental clinic and implant centre,+919096033604,Mobile,,,,"Talegaon - Chakan Hwy, opp. to anandwadapav, Vatan Nagar, Talegaon Dabhade R, Maharashtra 410507",Talegaon Dabhade R,Maharashtra,410507,Dental clinic,4.9,808,Open · Closes 9 pm,18.733294,73.677376,https://www.google.com/maps?cid=1934860295875481457,dentist,India,,,,,
Kaivalyadhama Yoga Institute & Research Center,+917262026878,Mobile,,info@kdham.com,http://www.kdham.com/,"Kaivalyadhama Yoga Institute, Swami Kuvalayanand Marg, Lonavala, Maharashtra 410403",Lonavala,Maharashtra,410403,Educational institution,4.7,822,Closed · Opens 8 am Sun,18.760345,73.415276,https://www.google.com/maps?cid=7896205141895836442,dentist,India,,https://facebook.com/kdhamyoga,https://www.instagram.com/kaivalyadhama/,https://www.linkedin.com/school/kdhamyoga/,https://twitter.com/kdhamyoga
Dr. Tidkes Dental Clinic,Not found,,,,,"QH73+GMJ, Main Bazaar Rd, Bhimnagar, Khadkale, Maharashtra 410405",Khadkale,Maharashtra,410405,Dental clinic,5,9,Add hours,18.763815,73.55419,https://www.google.com/maps?cid=6236071604312979211,dentist,India,,,,,
Perfect Multi Speciality Dental Clinic,+919096081891,Mobile,,,,"Mauli multi-speciality hospital, near potoba mandir, bazar road, vadgaon mawal, Maharashtra 412106",vadgaon mawal,Maharashtra,412106,Dentist,5,40,Closes soon · 8 pm,18.740612,73.63779,https://www.google.com/maps?cid=9404362363423424155,dentist,India,,,,,
Happy Tooth Dental Care,+918983056133,Mobile,,,,"Shop no. 1, Bhairavnath Nagar, beside Aria mall, Kusgaon Budruk, Maharashtra 410401",Kusgaon Budruk,Maharashtra,410401,Dental clinic,,,Closes soon · 8 pm,18.741472,73.42341,https://www.google.com/maps?cid=4236785011461173294,dentist,India,,,,,
Dr. Pawan's Dental Care | Dental Implant in Wakad,+918788055468,Mobile,,drpawansawalakhe@gmail.com,https://drpawanimplantcenter.com/,"Shop No. c-3, ashirwad residency, Datta Mandir Rd, near parkwayz society, near Sai Sagar hotel, Wakad, Pimpri-Chinchwad, Maharashtra 411057",Pimpri-Chinchwad,Maharashtra,411057,Dental implants periodontist,4.9,301,Open · Closes 9 pm,18.593206,73.763176,https://www.google.com/maps?cid=15425665933466838796,dentist,India,,,,,
Dr. Bhaavna's RootRevive Dental Care,+919321668239,Mobile,,,http://www.rootrevivedentalcare.in/,"Shop no. 4, Vedant Heights, Sambhaji Nagar, near Mukai Chowk, Kiwale, Ravet, Pimpri-Chinchwad, Maharashtra 412101",Pimpri-Chinchwad,Maharashtra,412101,Dentist,5,112,Open · Closes 9:30 pm,18.659132,73.72711,https://www.google.com/maps?cid=7975685210196483170,dentist,India,,,,,
SHREE DENTAL CLINIC,+917058626639,Mobile,,,https://www.instagram.com/_shreedentalcare_2023?igsh=M2Rrems3OXFueDN5,"near Sahyadri gym, near Sahydri gym, Vadgaon, Maharashtra 412106",Vadgaon,Maharashtra,412106,Dental clinic,4.7,12,Open · Closes 9 pm,18.740723,73.63821,https://www.google.com/maps?cid=2755803997840696813,dentist,India,,https://developers.facebook.com/docs/instagram,https://www.instagram.com/_shreedentalcare_2023,,
Poona Dental Clinic,Not found,,,,,"Shop No-40, Lotus Laxmi Rd, Kiwale, Ravet, Dehu Road, Pimpri-Chinchwad, Maharashtra 412101",Pimpri-Chinchwad,Maharashtra,412101,Hospital,5,12,Open · Closes 9:01 pm,18.666729,73.73101,https://www.google.com/maps?cid=6810588987210055663,dentist,India,,,,,
Tooth Buddy Dental Clinic,+917507004298,Mobile,,,https://www.toothbuddydental.co.in/,"A-101, Adiamville, Gaikwad Nagar Rd, near Life Republic Township, Punawale, Marunji, Maharashtra 411033",Marunji,Maharashtra,411033,Dental clinic,5,143,Open · Closes 8:30 pm,18.624798,73.72792,https://www.google.com/maps?cid=16381918442719502267,dentist,India,,,,,
Dental Check - Dr. Miti Shah-Bhambure,+919324556962,Mobile,,,,"F2, Elpro Internation School, Road, opposite Mahale Engineering, Shridharnagar, Chinchwad, Pune, Maharashtra 411033",Pune,Maharashtra,411033,Dental clinic,5,122,Open · Closes 9 pm,18.632784,73.78643,https://www.google.com/maps?cid=1621501630129684464,dentist,India,,,,,
NAVKAR DENTAL CLINIC,+918421420130,Mobile,,,,"near Maruti Mandir, Bazar Peth, Vadgaon, Maharashtra 412106",Vadgaon,Maharashtra,412106,Dental clinic,,,Open · Closes 9:30 pm,18.740465,73.63805,https://www.google.com/maps?cid=9784976113209717839,dentist,India,,,,,
The Dental House,+919368300300,Mobile,,thedentalhousepune@gmail.com,http://www.thedentalhousepune.com/,"Fountain Head Apartment, Flat no.10, 2nd floor,, Opposite Karishma Housing Society, Kothrud, Pune, Maharashtra 411038",Pune,Maharashtra,411038,Dental clinic,4.9,102,Closed · Opens 10 am Mon,18.501997,73.82166,https://www.google.com/maps?cid=2527144212734934974,dentist,India,,https://www.facebook.com/TheDentalHousePune/,https://www.instagram.com/thedentalhousepune/,,
Ved Multispeciality Dental Clinic,+919890623951,Mobile,,,,"2, 411027, 177/1 2, Shiv Sai Ln, Pimple Saudagar, Pune, Maharashtra 411027",Pune,Maharashtra,411027,Dental clinic,4.9,175,Open · Closes 9 pm,18.599348,73.7952,https://www.google.com/maps?cid=10800968682851447916,dentist,India,,,,,
Farm Fun,+919890150031,Mobile,,,,"Apati, Maharashtra 410406",Apati,Maharashtra,410406,Resort hotel,4.3,77,,18.702738,73.44957,https://www.google.com/maps?cid=5817669508795188829,dentist,India,,,,,
Creative Smiles Dental Clinic,+919503467224,Mobile,,,https://creative-smiles-dental.grexa.site/,"Sai Krupa, Ram Mandir Rd, opp. Royal Villa, near Chatrapati Shivaji Maharaj Chowk, Rahatani, Maharashtra 411017",Rahatani,Maharashtra,411017,Dental clinic,4.9,40,Open · Closes 9 pm,18.603306,73.7962,https://www.google.com/maps?cid=10967556690181267022,dentist,India,,,,,
Atharva Multispeciality Dental Clinic,+919823182771,Mobile,,,,"Shop No.10, 11, Magnolia Business Centre, Baner - Pashan Link Rd, opposite Nature MEDICO, Pashan, Pune, Maharashtra 411021",Pune,Maharashtra,411021,Dentist,5,412,Open · Closes 9 pm,18.548414,73.79402,https://www.google.com/maps?cid=14383500934729766139,dentist,India,,,,,
Nisarg Nagari,Not found,,,,,"PCW5+2CV, near DAANTWALA DENTAL CLINIC AND ASHIRWAD HOSPITAL, Lonavala, Maharashtra 410401",Lonavala,Maharashtra,410401,Housing cooperative,3.8,30,Add hours,18.745125,73.40855,https://www.google.com/maps?cid=12562611199948206775,dentist,India,,,,,
Wonder Smile Clinic - Multi-Speciality Dental Care & Implants,+919890373745,Mobile,,wondersmileclinic@yahoo.in,https://wondersmile.in/,"First floor, Gokhale plaza, 101, Chinchwad Station Rd, opp. Ramakrishna More Auditorium, Chinchwad, Pune, Maharashtra 411033",Pune,Maharashtra,411033,Dentist,4.9,765,Open · Closes 9 pm,18.633528,73.78588,https://www.google.com/maps?cid=12787292725815212391,dentist,India,,https://www.facebook.com/WonderSmileClinic/,,,
Dr teeth dental clinic,Not found,,,,,"MJ24+VG5, Unnamed Road, Maharashtra 410506",Unnamed Road,Maharashtra,410506,Dentist,,,Add hours,18.652136,73.60636,https://www.google.com/maps?cid=7664606495161284436,dentist,India,,,,,
Khandelwal Clinic,Not found,,,,,"4 D Ward, Old Bazaar, near Railway Station, Lonavala, Maharashtra 410401",Lonavala,Maharashtra,410401,Medical clinic,5,5,Add hours,18.749697,73.40627,https://www.google.com/maps?cid=122040723591157265,dentist,India,,,,,
Balaji Dental Clinic / Dr Priya Janaki,+919028371841,Mobile,,support@practo.com,http://www.practo.com/balaji-dental-clinic,"Mont Vert Arcade, 202/203, Sus - Pashan Rd, Pashan, Pune, Maharashtra 411021",Pune,Maharashtra,411021,Dentist,4.6,44,Closes soon · 8 pm,18.542505,73.79079,https://www.google.com/maps?cid=17329101214667567707,dentist,India,,https://www.facebook.com/practo,,https://www.linkedin.com/company/practo-technologies-pvt-ltd,https://twitter.com/Practo
PARMAR MARKETING,Not found,,,,,"Vardhaman Society, opp. raj dental clinic, Hudco Colony, Lonavala, Maharashtra 410401",Lonavala,Maharashtra,410401,Bottled water supplier,4.9,10,Closed · Opens 10 am Sun,18.74567,73.40659,https://www.google.com/maps?cid=15105326167369406059,dentist,India,,,,,
Gum Care Dental Clinic,+919029235333,Mobile,,vaishnavinaik0612@gmail.com,https://gumcaredental.com/,"Shop No. 2, Akshay Chambers, 1050, Tilak Rd, below Alpha Diagnostics, Hirabaug Chauk, Shukrawar Peth, Pune, Maharashtra 411002",Pune,Maharashtra,411002,Dentist,5,116,Open · Closes 9 pm,18.50474,73.854805,https://www.google.com/maps?cid=13227995965416603347,dentist,India,,https://www.facebook.com/Neurgaonkar.dental.clinic/,https://www.instagram.com/gumcaredental/,,
Parmar Hospital,+919823516720,Mobile,,info@parmarhospitaltheme.com,http://www.parmarhospital.com/,"PCW5+RCR, Siddharth Nagar, Lonavala, Maharashtra 410401",Lonavala,Maharashtra,410401,Hospital,3,46,Open 24 hours,18.747116,73.40852,https://www.google.com/maps?cid=12134129958545311619,dentist,India,,https://www.facebook.com/Readupnews,https://www.instagram.com/invites/contact/,https://www.linkedin.com/in/read-up-910b9218b/,https://twitter.com/ReadUp8
Jansampark Karyalay,Not found,,,,,,,,,Dentist,,,Add hours,18.657578,73.598656,https://www.google.com/maps?cid=10464504004108496362,dentist,,,,,,
Discovery Time,+919373476673,Mobile,,,https://www.discoverytime.in/,"Nangargaon, Lonavala, Kusgaon Budruk, Maharashtra 410401",Kusgaon Budruk,Maharashtra,410401,Children's amusement center,5,26,Closed · Opens 10 am Sun,18.748146,73.422035,https://www.google.com/maps?cid=3279124296527772721,dentist,India,,,https://www.instagram.com/discoverytime.in,,
Smiles by Trinity,+919890950251,Mobile,,,http://www.trinitydentalcare.org/,"Off no. 3120, 3rd floor, Marvel FUEGO, Magarpatta Rd, above Nexa showroom, Hadapsar, Pune, Maharashtra 411036",Pune,Maharashtra,411036,Dental clinic,4.9,19,Open · Closes 12:30 am,18.520657,73.93275,https://www.google.com/maps?cid=11818907337704042695,dentist,India,,,,,
Tooth Buddy Kids Dental Care,+918806704704,Mobile,,kids@toothbuddy.in,http://www.toothbuddy.in/,"Ground Floor, 09, NDA Pashan Rd, opposite Bank of Maharashtra, Bavdhan, Pune, Maharashtra 411021",Pune,Maharashtra,411021,Pediatric dentist,4.9,193,Open · Closes 8:30 pm,18.51565,73.78142,https://www.google.com/maps?cid=8650142361531574348,dentist,India,,https://www.facebook.com/toothbuddykidsdentalcare/,,,
Suyash | Dental Clinic,+918928584041,Mobile,,suyashdental@gmail.com,https://suyashdental.com/,"Suyash Hospital, Plot No 1, near Natraj gas Agency, Londhe Wada, Pune, Maharashtra 411038",Pune,Maharashtra,411038,Dentist,4.9,515,Open · Closes 9 pm,18.500114,73.812454,https://www.google.com/maps?cid=5756609607854718434,dentist,India,,https://www.facebook.com/suyash.dentalworld,https://www.instagram.com/suyashdental/,https://www.linkedin.com/in/dr-kedar-pathak-58522462/,
Wellness Forever Pharmacy - Bhangarwadi Road Lonavala,+917744016187,Mobile,,,https://www.wellnessforever.com/,"Shop No. 2, Yakub Salebhai building, Bhangarwadi Rd, Lonavala, Maharashtra 410401",Lonavala,Maharashtra,410401,Medical supply store,3.9,52,Open 24 hours,18.747597,73.40845,https://www.google.com/maps?cid=6193596791254688216,dentist,India,,,,,
Yash Hospital,+919372323838,Mobile,,,https://yash-hospital-excellence.grexa.site/,"Gharkul Society, Valvan, Lonavala, Maharashtra 410401",Lonavala,Maharashtra,410401,Hospital,4.6,174,Open 24 hours,18.75841,73.42295,https://www.google.com/maps?cid=13080629200176541209,dentist,India,,,,,
401 G Ward,Not found,,,,,"opp. Raj Dental Clinic, Vardhaman Society, Lonavala, Maharashtra 410401",Lonavala,Maharashtra,410401,Subpremise,,,,18.745716,73.406715,https://www.google.com/maps?cid=3571509087806677370,dentist,India,,,,,
Sanjeevani Medical Foundation - Hospital in Loanavala,+919762456463,Mobile,,s.m.f23515@gmail.com,https://www.sanjeevanihospitallonavala.in/,"police Station, Pandit Jawaharlal Nehru Rd, near Lonavala City, Siddharth Nagar, Lonavala, Maharashtra 410401",Lonavala,Maharashtra,410401,Hospital,4.2,506,Open 24 hours,18.746714,73.40782,https://www.google.com/maps?cid=12528932894558666825,dentist,India,,https://www.facebook.com/sanjeevani.hospital.lonavala.official/,https://www.instagram.com/sanjeevanimedicalfoundation12/,,https://twitter.com/SanjeevaniHosp8
Jyotiba Clinic,+919561027017,Mobile,,,,"129, Tungarli Rd, Tungarli, Lonavala, Maharashtra 410403",Lonavala,Maharashtra,410403,Hospital,5,43,Open · Closes 9 pm,18.763351,73.408394,https://www.google.com/maps?cid=10702206176800581410,dentist,India,,,,,
Bafna's Dental care | Dental Clinic in Kalyani nagar | Dentist in Kalyani Nagar Pune | Implant,+918767346148,Mobile,,,http://bafnasdental.com/,"Shop no. 124, Fortaleza Society, Kalyani Nagar, Pune, Maharashtra 411006",Pune,Maharashtra,411006,Dentist,4.9,70,Closes soon · 8 pm,18.544739,73.905685,https://www.google.com/maps?cid=12233754101124468242,dentist,India,,,,,
Bodhale Dr Prasad,+919822911295,Mobile,,,,"2nd Floor, Karan Arcade, Vadgaon Sheri, Vadgaon Sheri, Maharashtra 411014",Vadgaon Sheri,Maharashtra,411014,Dentist,,,Add hours,18.738722,73.642746,https://www.google.com/maps?cid=6835854753268823248,dentist,India,,,,,
डॉ. नांगरे दातांचा दवाखाना,+917773960346,Mobile,,,https://drnangaredentalchakan.in/,"Chakan - Ambethan Rd, Chakan, Maharashtra 410501",Chakan,Maharashtra,410501,Dentist,5,771,Open · Closes 9 pm,18.764462,73.85851,https://www.google.com/maps?cid=3870560225993444030,dentist,India,,,https://www.instagram.com/dr_nangare_dental_clinic,,
DEEP DENTAL CLINIC. CHAKAN AREA. (Dr.NILESH CHAUDHARI) [All type of Dental Treatment] [ Digital scanning ],+918446188187,Mobile,,,,"Shop no. 07, Mahalaxmi complex, near sidhhi archade, Manik Chowk, Chakan, Maharashtra 410501",Chakan,Maharashtra,410501,Dental clinic,5,736,Closes soon · 7:30 pm,18.755093,73.86119,https://www.google.com/maps?cid=16218340788375250164,dentist,India,,,,,
Pakhare Dental Clinic and Implant Centre,+919822559274,Mobile,,,,"Shop No 5, Mahatma Phule Chowk, below prem gold Balaji Towers, Chakan, Maharashtra 410501",Chakan,Maharashtra,410501,Dental clinic,4.9,102,Open · Closes 9:30 pm,18.761421,73.86234,https://www.google.com/maps?cid=301588850572962906,dentist,India,,,,,
"Anand Dental Clinic.Chakan(Since2011).Root Canal,Braces,Aligner,Child Care,Implants,OPG.",+919766127787,Mobile,,,,"Ramkrishna Complex, near Vedant Sankul and Adityavardhan heights, opposite Indrayani Bank and Khade Hospital, Manik Chowk, Chakan, Maharashtra 410501",Chakan,Maharashtra,410501,Dental clinic,5,635,Closes soon · 8 pm,18.753923,73.861046,https://www.google.com/maps?cid=16424534299416536921,dentist,India,,,,,
Dr.Pakhare Dental clinic,+919822559274,Mobile,,,https://softspectra.co/webapp/dr-pakhare-dental-clinic,"Crown world premises, Pune - Nashik Hwy, below Navkar Hospital, Mutkewadi, Chakan, Maharashtra 410501",Chakan,Maharashtra,410501,Dental clinic,5,48,Open · Closes 9:20 pm,18.749699,73.86039,https://www.google.com/maps?cid=17383642723827525859,dentist,India,,,,,
Ssai Smile Orthodontics Chakan | Dental Clinic in Chakan | Dentist in Chakan,+919890166451,Mobile,,shaileshsandbhor@gmail.com,https://ssaismilerthodontics.testsitelab.com/,"Sakhumai Chambers, above Dilip Sonigara Jewelers, Manik Chowk, Chakan, Maharashtra 410501",Chakan,Maharashtra,410501,Dentist,4.9,939,Closes soon · 7:30 pm,18.75623,73.86093,https://www.google.com/maps?cid=2436196878182976012,dentist,India,,,,,
RADHESHYAM Dental clinic,+917757082390,Mobile,,,https://book-appointment.healthplix.com/dr-radhesham-ghanshyam-dhanokar-dental-surgeon-bazar-road-pune,"Vishal centre, near jadhav medical, Manik Chowk, Chakan, Maharashtra 410501",Chakan,Maharashtra,410501,Dental clinic,4.6,47,Open · Closes 9 pm,18.75554,73.860954,https://www.google.com/maps?cid=8079661569778812145,dentist,India,,,,,
Bhujbal Dental Clinic chakan भुजबळ दातांचा दवाखाना,+918847773232,Mobile,,drbhujbal23@gmail.com,https://www.drbhujbaldentalclinic.com/,"Jadhav Commercial Centre, Manik chowk, Chakan - Shikrapur Hwy, Chakan, Maharashtra 410501",Chakan,Maharashtra,410501,Dental clinic,5,67,Closed · Opens 10:30 am Mon,18.754099,73.861984,https://www.google.com/maps?cid=16182720151552309772,dentist,India,,https://www.facebook.com/WixStudio,https://www.instagram.com/wixstudio,https://www.linkedin.com/company/wix-com,
Shree Samarth Dental clinic and implant center chakan Pune branch Dr Rutuja Prasad Shirsath,+919405006482,Mobile,,,,"Shikarpur Hwy, Chakan, Maharashtra 410501",Chakan,Maharashtra,410501,Dentist,5,67,Closes soon · 8 pm,18.752016,73.86362,https://www.google.com/maps?cid=4251448002071015199,dentist,India,,,,,
Dr.Barne’s dental clinic & implant center,+919975154484,Mobile,,,,"near siddheshwar wadevale, opp. to zp school, Chakan, Maharashtra 410501",Chakan,Maharashtra,410501,Dental clinic,4.8,35,Open · Closes 9 pm,18.757627,73.86092,https://www.google.com/maps?cid=1351623241561299308,dentist,India,,,,,
Mansi dental clinic,+916264868943,Mobile,,,,"Mahatma Phule Chouk, Chakan - Ambethan Rd, Pune, Maharashtra 410501",Pune,Maharashtra,410501,Dentist,4.8,48,Closes soon · 8 pm,18.762144,73.86213,https://www.google.com/maps?cid=15433277415302900109,dentist,India,,,,,
Ghumatkar Dental Clinic Chakan,+917666234112,Mobile,,,,"Punarvasu Building Ranubai Mala ROAD, Talegaon - Chakan Hwy, opposite Shree mall mart, Chakan, Maharashtra 410501",Chakan,Maharashtra,410501,Dental clinic,4.9,42,Closes soon · 8 pm,18.756208,73.84896,https://www.google.com/maps?cid=6752743750642448481,dentist,India,,,,,
Chakan Dental Care,Not found,,,,,"Vishal Centra, near Jadhav Medical, Manik Chowk, Chakan, Pune, Maharashtra 410501",Pune,Maharashtra,410501,Dental clinic,5,3,Closes soon · 8 pm,18.755527,73.861145,https://www.google.com/maps?cid=12383522313043265144,dentist,India,,,,,
Oracare Dental Clinic and Implant center,Not found,,,,,"410501 Mahatma Phule chowk, Chakan, Maharashtra 410501",Chakan,Maharashtra,410501,Hospital,5,50,Open · Closes 10 pm,18.76137,73.86261,https://www.google.com/maps?cid=1114647687497946753,dentist,India,,,,,
Dr Harsha's Dental Clinic,+919623175291,Mobile,,,,"Shop No 1, near Kaira Pre School, Kharabwadi, Maharashtra 410501",Kharabwadi,Maharashtra,410501,Dental clinic,4.9,51,Open · Closes 9 pm,18.75697,73.84362,https://www.google.com/maps?cid=3056578917955377927,dentist,India,,,,,
Ekdant Dental Clinic,+917447626698,Mobile,,,https://softspectra.co/webapp/ekdant-dental-clinic,"Shop no 10, Success Point, Pune - Nashik Hwy, Mutkewadi, Chakan, Maharashtra 410501",Chakan,Maharashtra,410501,Dental clinic,5,11,Open · Closes 9 pm,18.748398,73.8602,https://www.google.com/maps?cid=9745450117161765474,dentist,India,,,,,
Oris Dental Studio,+918237156765,Mobile,,,,"IDBI Bank, Talegaon - Chakan Hwy, opp. Shraddha Complex, Chakan, Maharashtra 410501",Chakan,Maharashtra,410501,Dentist,5,1,Closes soon · 8 pm,18.755693,73.857925,https://www.google.com/maps?cid=7221214313162034190,dentist,India,,,,,
Varaad Dental Care,Not found,,,,,"Shop No. 7, First Floor, Commercial Complex ST Stand, Chakan, Tal, Khed taluka, Maharashtra 410501",Khed taluka,Maharashtra,410501,Dental clinic,4.7,22,Closed · Opens 10 am Mon,18.754251,73.860466,https://www.google.com/maps?cid=350144265550332278,dentist,India,,,,,
GORE DENTAL CLINIC,+918605043881,Mobile,,,,"Mahatma Phule Chowk, Chakan, Maharashtra 410501",Chakan,Maharashtra,410501,Dental clinic,5,1,Open · Closes 9 pm,18.762196,73.862335,https://www.google.com/maps?cid=9915567476906514968,dentist,India,,,,,
DR. RAJE DENTAL CLINIC,+919767460456,Mobile,,,http://www.rajedentalclinic.com/,"Mahatma Fhule Chowk, nr. Chakan Nagar Parishad, Chakan Tal Khed, Chakan, Maharashtra 410501",Chakan,Maharashtra,410501,Dental clinic,3.7,12,Closes soon · 8 pm,18.759874,73.86252,https://www.google.com/maps?cid=4661983879432833048,dentist,India,,,,,
Pabalkar clinic & Dental clinic,Not found,,,,,"Ambethan road,Yashlaxmi chambers, Yashvant nagar, Chakan, Maharashtra 410501",Chakan,Maharashtra,410501,Medical clinic,3.6,10,Open · Closes 9 pm,18.764952,73.85863,https://www.google.com/maps?cid=997650804703315761,dentist,India,,,,,
OM Dental Clinic,+918373952210,Mobile,,,,"Manik Chowk, Chakan, Maharashtra 410501",Chakan,Maharashtra,410501,Dental clinic,4.6,12,Closed · Opens 10 am Sun,18.75542,73.861115,https://www.google.com/maps?cid=9894650394374737083,dentist,India,,,,,
Dr Dhumal's Dental Clinic,Not found,,,,,"Shop no 12, ground floor, unicare hospital, Shubhsree Unicon, Chakan, Maharashtra 410501",Chakan,Maharashtra,410501,Dental clinic,5,3,Closed · Opens 10 am Mon,18.754839,73.85782,https://www.google.com/maps?cid=5930999035384195988,dentist,India,,,,,
Dr. Bhondves Skin and Dental Clinic | Best Dentist & Dermatologist in Chakan Pune,+917057582758,Mobile,,pratikbhondve1058@gmail.com,https://aapleudyojak.com/listing/dr-bhondves-skin-and-dental-clinic-best-dentist-dermatologist-in-chakan-pune/,"Shop no -140, Grand Central Mall, Pune - Nashik Hwy, above KFC restaurant, Chakan, Maharashtra 410501",Chakan,Maharashtra,410501,Dental clinic,,,Add hours,18.760466,73.85931,https://www.google.com/maps?cid=8836454402177661597,dentist,India,,https://www.facebook.com/Dr.BhondvesSkinAndDentalClinic/,https://www.instagram.com/dr.bhondvesclinic,,
Child Dental Care. Chakan,+918956589894,Mobile,,,,"near S.T.Stand, near Adityavardhan heights, Manik Chowk, Chakan, Maharashtra 410501",Chakan,Maharashtra,410501,Dental clinic,5,1,Closed · Opens 10 am Sun,18.753197,73.86087,https://www.google.com/maps?cid=15613151754626355604,dentist,India,,,,,
"Karnika ENT & Dental Hospital, कान नाक घसा दवाखाना, Advanced 15 Bed fully equipped Endoscopy, Bronchoscopy and Allergy Centre",+917447759911,Mobile,,,https://www.justdial.com/Pune/Karnika-ENT-AND-Dental-Hospital-Opp-Spandan-Hospital-Chakan/020PXX20-XX20-180824150614-P9D3_BZDET,"Chaudhari Karnika ENT hospital, Karnika lane, Chakan - Shikrapur Hwy, opp. Vishal Garden, Chakan, Maharashtra 410501",Chakan,Maharashtra,410501,Hospital,4.7,152,Closed · Opens 11 am Mon,18.750671,73.864815,https://www.google.com/maps?cid=11878950985729046976,dentist,India,,https://www.facebook.com/JustDial,https://www.instagram.com/jd_justdial,https://www.linkedin.com/company/justdial,https://twitter.com/jd_justdial
Dr Shivani Chaudhari multispeciality Dental clinic,Not found,,,,,"Karnika hospital, Chakan - Shikrapur Hwy, opp. VISHAL GARDEN, Chakan, Maharashtra 410501",Chakan,Maharashtra,410501,Dental clinic,,,Closed · Opens 11 am Mon,18.75071,73.86484,https://www.google.com/maps?cid=10994122906399294406,dentist,India,,,,,
Dr. Raut's Dental Clinic,+918048038250,Mobile,,,,"1st Floor, Suresh Smruti, above Balaji Pipe & Hardware, opp. PDCC Bank, Ambhethan Chowk, Chakan, Maharashtra 410501",Chakan,Maharashtra,410501,Dental clinic,,,Closes soon · 8 pm,18.763212,73.86123,https://www.google.com/maps?cid=2666210432101069066,dentist,India,,,,,
Kale Balrugnalay,+918600404141,Mobile,,,,"Jadhav complex, Chakan - Shikrapur Hwy, Manik Chowk, Chakan, Maharashtra 410501",Chakan,Maharashtra,410501,Hospital,4.8,51,Open · Closes 8:30 pm,18.754107,73.861946,https://www.google.com/maps?cid=3704973189191502,dentist,India,,,,,
Core Hospital Chakan,+919822433387,Mobile,,,,"QV45+QJ3 Kohinoor Center, Pune - Nashik Hwy, Talegaon Chowk, Chakan, Maharashtra 410501",Chakan,Maharashtra,410501,Hospital,3.2,27,Open 24 hours,18.75675,73.859116,https://www.google.com/maps?cid=4119374393362339229,dentist,India,,,,,
Navkar Multispeciality Hospital,+919226001010,Mobile,,,https://technoflybusinesssolutions.com/cards/navkar-multispeciality-hospital-238,"Pune - Nashik Hwy, near INDUSLAND BANK, Chakan, Maharashtra 410501",Chakan,Maharashtra,410501,Hospital,4.8,403,Open 24 hours,18.749697,73.86037,https://www.google.com/maps?cid=1179838249439011387,dentist,India,,,,,
Nandadip Dolyancha Dawakhana,+917719006862,Mobile,,,,"Shop No 1, Abhav jadhav Medical, near Manik Chouk, Chakan, Maharashtra 410501",Chakan,Maharashtra,410501,Dental clinic,5,2,Add hours,18.755377,73.8608,https://www.google.com/maps?cid=8495548722434725379,dentist,India,,,,,
Anand Hospital,+919850641501,Mobile,,,https://anand-hospital.grexa.site/,"1st Floor, Balaji Tower, Chakan, Maharashtra 410501",Chakan,Maharashtra,410501,Medical clinic,4.8,484,Open 24 hours,18.76138,73.86246,https://www.google.com/maps?cid=6687996936389475881,dentist,India,,,,,
GAVHANE DENTAL CLINIC,+918767174379,Mobile,,,,"shop no 13, Chandrashree complex, Chakan - Shikrapur Hwy, opp. VISHAL GARDEN, Chakan, Maharashtra 410501",Chakan,Maharashtra,410501,Dental clinic,,,Closed · Opens 10 am Sun,18.75141,73.86449,https://www.google.com/maps?cid=6161508180775251327,dentist,India,,,,,
Dhanvantari Clinic,+919422264549,Mobile,,,,"Shop No. 1, Near Ambethan Road, Chakan, Pune, Maharashtra 410501",Pune,Maharashtra,410501,Medical clinic,5,1,Open · Closes 10 pm,18.769278,73.85026,https://www.google.com/maps?cid=11538358068343170408,dentist,India,,,,,
AAROGYAM MULTISPECIALITY HOSPITAL,+918507077077,Mobile,,aarogyamhospital2011@gmail.com,http://www.aarogyamhospitalchakan.com/,"Talegaon - Chakan Hwy, opp. MARATHI SHALA, RANUBAIMALA, Nanekarwadi, Chakan, Maharashtra 410501",Chakan,Maharashtra,410501,Hospital,4.6,323,Open 24 hours,18.75504,73.85234,https://www.google.com/maps?cid=2733369940797672809,dentist,India,,,,,
Divekar hospital,+917507295154,Mobile,,,,"11 12 sai Corporate, Chakan, Maharashtra 410501",Chakan,Maharashtra,410501,Hospital,4.7,17,Open · Closes 9 pm,18.750164,73.86108,https://www.google.com/maps?cid=4830785776358487853,dentist,India,,,,,
Datacha Dawakhana,+919822559274,Mobile,,,,"Shop No 45, Chakan, Maharashtra 410501",Chakan,Maharashtra,410501,Dental clinic,,,Open · Closes 8:30 pm,18.76139,73.86225,https://www.google.com/maps?cid=2697428166920254086,dentist,India,,,,,
Surya Multispeciality Hospital,+919881058300,Mobile,,,,"Success Point, Pune - Nashik Hwy, Mutkewadi, Chakan, Maharashtra 410501",Chakan,Maharashtra,410501,Hospital,4.3,73,Open 24 hours,18.748486,73.8603,https://www.google.com/maps?cid=7347195639181433704,dentist,India,,,,,
Sant Gajanan Clinic,+919765243100,Mobile,,,,"Shop No 3 near, opposite Vedika Super Market, Chakan, Pune, Maharashtra 410501",Pune,Maharashtra,410501,Medical clinic,5,2,Open · Closes 9 pm,18.747826,73.86118,https://www.google.com/maps?cid=8014310280230199718,dentist,India,,,,,
Morya Medical,+919689444067,Mobile,,,,"Shop no.3 balajicorer Chakan Balajicorner, near HDFC ATM, Maharashtra 410501",near HDFC ATM,Maharashtra,410501,Medical Center,4.3,10,Open 24 hours,18.745451,73.86108,https://www.google.com/maps?cid=15577113756822153877,dentist,India,,,,,
घुमटकर हॉस्पिटल,+919130775566,Mobile,,,https://book-appointment.healthplix.com/dr-aniruddha-ghumatkar-obstetrician---gynaecologist-chakan-pune,"Ranubai mala, Talegaon - Chakan Hwy, Pune, Maharashtra 410501",Pune,Maharashtra,410501,Doctor,4.9,59,Open · Closes 8:30 pm,18.756254,73.84898,https://www.google.com/maps?cid=10769926571257372601,dentist,India,,,,,
Shwas Multispeciality Hospital,+919730900333,Mobile,,,,"Medankarwadi, Chakan, Maharashtra 410501",Chakan,Maharashtra,410501,Hospital,3.8,38,Open 24 hours,18.746523,73.86013,https://www.google.com/maps?cid=18406020529185998420,dentist,India,,,,,
Saikrupa Clinic,+919107077576,Mobile,,,,"Charbhuja Paradise, 1115, Chakreshwar Rd, near Charbhuja society, Bhujbal Aali, Chakan, Maharashtra 410501",Chakan,Maharashtra,410501,Hospital,4.8,6,Open 24 hours,18.753754,73.86679,https://www.google.com/maps?cid=12540301909796445564,dentist,India,,,,,
Dongare Dental Clinic,Not found,,,,,"QV36+G87, Mutkewadi, Chakan, Maharashtra 410501",Chakan,Maharashtra,410501,Dental clinic,,,Add hours,18.753782,73.86081,https://www.google.com/maps?cid=9159574235860458669,dentist,India,,,,,
Guru Krupa Clinic,+919822913768,Mobile,,,,"Shop No 1, Near, Mahatma Phule Chowk, Chakan, Maharashtra 410501",Chakan,Maharashtra,410501,Dental clinic,,,Add hours,18.762882,73.86121,https://www.google.com/maps?cid=7566733573583894985,dentist,India,,,,,
Imperial Smile Multispeciality Dental Clinic,+918600248202,Mobile,,,https://imperial-smile.grexa.site/,"New Bus Stand, near Mauli Hospital, Bodake Nagar, Junnar, Maharashtra 410502",Junnar,Maharashtra,410502,Dental clinic,5,33,Open 24 hours,19.204092,73.869156,https://www.google.com/maps?cid=16336552033336211373,dentist,India,,,,,
Dr Rathod Dental Clinic And Implant Center,+919975537792,Mobile,,,,"Dr Babasaheb Ambedkar Vyapari Sankul ,1st floor, Shankarpura Peth, Junnar, Maharashtra 410502",Junnar,Maharashtra,410502,Dental clinic,4.9,35,Open · Closes 9 pm,19.207155,73.8724,https://www.google.com/maps?cid=12297364196795364574,dentist,India,,,,,
Dr. Jagrati's KHOT MULTISPECIALITY DENTAL CLINIC,+919926822532,Mobile,,,http://www.khotmultispecialitydentalclinic.com/,"Dist, near Bhramakumaris light house, in front of vitthal mandir, Pardeshpura, Junnar, Maharashtra 410502",Junnar,Maharashtra,410502,Dental clinic,5,39,Open · Closes 9 pm,19.205296,73.87413,https://www.google.com/maps?cid=14553565922733844010,dentist,India,,,,,
KHOT HOSPITAL AND SRUSHTI DENTAL CLINIC,+919881643986,Mobile,,,,"behind CANARA BANK, Junnar, Maharashtra 410502",Junnar,Maharashtra,410502,Hospital,5,3,Open 24 hours,19.206182,73.87517,https://www.google.com/maps?cid=6182814727784255057,dentist,India,,,,,
Ekdant Dental Clinic and implant center,+917276868397,Mobile,,,,"Varali Ali, Junnar, Maharashtra 410502",Junnar,Maharashtra,410502,Dental clinic,5,6,Open 24 hours,19.207561,73.8728,https://www.google.com/maps?cid=4324155657499045669,dentist,India,,,,,
DR.Tanvi's Gurudev Dental clinic,+918208035450,Mobile,,,,"6V4J+P34, Junnar, Maharashtra 410502",Junnar,Maharashtra,410502,Dental clinic,4.9,12,Closed · Opens 10 am Mon,19.206757,73.88024,https://www.google.com/maps?cid=8961995392037094151,dentist,India,,,,,
Smile Dental Clinic,+917020507102,Mobile,,,,"Dhanya Bazar, First floor, Kardile complex, road, Shankarpura Peth, Junnar, Maharashtra 410502",Junnar,Maharashtra,410502,Dental clinic,4.8,4,Closes soon · 8 pm,19.207388,73.87186,https://www.google.com/maps?cid=9230619303131081519,dentist,India,,,,,
Dr. Thorat's Dental Clinic & Implant Centre | Dentist In Manchar,+919970996262,Mobile,,,,"1st floor,Ideal market, Tal, near Grampanchayat, Ambegaon, Manchar, Maharashtra 410503",Manchar,Maharashtra,410503,Dental clinic,4.9,179,Closed · Opens 9:30 am Sun,19.002447,73.94262,https://www.google.com/maps?cid=4399499340686614172,dentist,India,,,,,
Dr. Mandhare Dental Clinic | Dentist In Manchar,Not found,,,,,"Bankhile complex, Pune - Nashik Hwy, opposite to Bus stop, Manchar, Maharashtra 410503",Manchar,Maharashtra,410503,Dental clinic,3.8,17,Closed · Opens 9:30 am Sun,19.001183,73.94524,https://www.google.com/maps?cid=17983230805037095787,dentist,India,,,,,
Harirup Dental Care - Dr. Harish Khamkar,+918149260369,Mobile,,,,"police station, opposite to Chakradhar medical, near manchar, Patilwada, Manchar, Maharashtra 410503",Manchar,Maharashtra,410503,Dental clinic,4.8,59,Closed · Opens 9 am Sun,18.999924,73.942696,https://www.google.com/maps?cid=13500931777017846466,dentist,India,,,,,
Omkar Dental Clinic,Not found,,,,,"XWXW+P49, Mulewadi road, near ST Bus Stand, in front of prajkta medical, |, Manchar, Maharashtra 410503",Manchar,Maharashtra,410503,Dental clinic,4.4,13,Closed · Opens 10:30 am Sun,18.999298,73.94535,https://www.google.com/maps?cid=7898679368267384972,dentist,India,,,,,
Shree Moraya Dental clinic,+919665560404,Mobile,,,,"nearby Bus stand, Manchar, Maharashtra 410503",Manchar,Maharashtra,410503,Hospital,4.3,4,Closed · Opens 9:30 am Mon,19.001919,73.943756,https://www.google.com/maps?cid=17554037623433331509,dentist,India,,,,,
Dr Date Dental Clinic Manchar,Not found,,,,,"XXRV+9JF, near Lala Urban Bank, Manchar, Maharashtra 410503",Manchar,Maharashtra,410503,Dental clinic,5,5,Closed · Opens 10 am Sun,18.990938,73.99406,https://www.google.com/maps?cid=14689474046199474636,dentist,India,,,,,
"Dr Take Skin,Dental,cosmetology clinic",+918411827111,Mobile,,,,"Ground floor floor, trimurti complex, Pune - Nashik Hwy, near Hdfc Bank, Tal, Ambegaon, Manchar, Maharashtra 410503",Manchar,Maharashtra,410503,Hospital,4.3,15,Closed · Opens 9:30 am Sun,19.00225,73.94575,https://www.google.com/maps?cid=3762868649974611768,dentist,India,,,,,
V SMILE ZONE DENTAL CLINIC,+919960311608,Mobile,,,,"Wajage Building, Besides HDFC Bank, Khodad Rd, Narayangaon, Maharashtra 410504",Narayangaon,Maharashtra,410504,Dental clinic,5,90,Open · Closes 8:30 pm,19.11758,73.97566,https://www.google.com/maps?cid=18273057207206115972,dentist,India,,,,,
"Jeevan Moti Dental Hospital ,Root Canal Speciality Centre.",Not found,,,,,"Mahtre Wadi, Narayangaon, Maharashtra 410504",Narayangaon,Maharashtra,410504,Hospital,5,11,Open · Closes 9 pm,19.11825,73.97461,https://www.google.com/maps?cid=16607796327427585867,dentist,India,,,,,
Pearl Dental clinic.... Dr Priti Khaire,+918830222963,Mobile,,,,"Khaire aali, Narayangaon - Junnar Rd, Narayangaon, Maharashtra 410504",Narayangaon,Maharashtra,410504,Dentist,5,59,Closes soon · 8 pm,19.119415,73.97196,https://www.google.com/maps?cid=12595418770662564576,dentist,India,,,,,
HEMS DENTAL CLIINIC,+919975571172,Mobile,,,,"Pune - Nashik Hwy, beside Sharad Bank, opp. Ajantha cycles, Narayangaon, Maharashtra 410504",Narayangaon,Maharashtra,410504,Dentist,4.5,6,Open · Closes 9 pm,19.119387,73.97477,https://www.google.com/maps?cid=16202856790496326415,dentist,India,,,,,
श्रीकृष्ण Multi-speciality Dental Clinic,+917219456597,Mobile,,,http://instagram.com/skdc_junnar_narayangaon,"first floor, collage Road Chouk, Ratnanand Building, Warulwadi, Narayangaon, Maharashtra 410504",Narayangaon,Maharashtra,410504,Medical clinic,5,1,Open · Closes 8:30 pm,19.113913,73.9699,https://www.google.com/maps?cid=12637899652445569932,dentist,India,,https://developers.facebook.com/docs/instagram,https://www.instagram.com/skdc_junnar_narayangaon,,
GUNJAL DENTAL CLINIC,+918482896787,Mobile,,,,"Khodad Rd, Mahtre Wadi, Narayangaon, Maharashtra 410504",Narayangaon,Maharashtra,410504,Dentist,4.9,16,Closed · Opens 10 am Mon,19.117678,73.97679,https://www.google.com/maps?cid=11641981279873623801,dentist,India,,,,,
Swami Samarth Dental Clinic,+918329201874,Mobile,,,,"Swami Samarth Dental Clinic, Wajge Building, Khodad Rd, above Muthoot Finance Gold Loan, Mahtre Wadi, Narayangaon, Maharashtra 410504",Narayangaon,Maharashtra,410504,Dental clinic,5,1,Closes soon · 7:30 pm,19.117662,73.975296,https://www.google.com/maps?cid=17690443442450736487,dentist,India,,,,,
Dr. Jitendra Lokhande- Bds In Narayangaon,Not found,,,swati.remedo@gmail.com,https://drjitendravishnulokhande.getmy.clinic/,"Dr. Jitendra Lokhande's Clinic A/1 First Floor , Ahead Of Anand Cafe Hotel Shinde Market, Narayangaon - Junnar Rd, Narayangaon, Maharashtra 410504",Narayangaon,Maharashtra,410504,Dentist,4,4,Closed · Opens 10:30 am Sun,19.11819,73.97105,https://www.google.com/maps?cid=2797994672108391150,dentist,India,,,,,
DR.LOKHANDE'S DENTAL CLINIC,+917588280672,Mobile,,,,"JUNNAR ROAD, SHINDE MARKET Near ST bus stand, Narayangaon, near Vighnahar Pathology Lab, Maharashtra 410504",near Vighnahar Pathology Lab,Maharashtra,410504,Dental clinic,4.5,6,Closed · Opens 10:30 am Sun,19.11822,73.97313,https://www.google.com/maps?cid=9681707515504668187,dentist,India,,,,,
Parizaat Dental Hospital,+918530681703,Mobile,,,,"Shop No 1 Junner Road Shivaji Maharaj Chauk Old Narayangoan Garmvaibhav Building Narayangoan, opposite Fish Market, Pune, Maharashtra 410504",Pune,Maharashtra,410504,Dental clinic,5,5,Add hours,19.118408,73.97241,https://www.google.com/maps?cid=11388270691193150085,dentist,India,,,,,
VIGHNAHARTA DENTAL CLINIC,+917972169006,Mobile,,,,"02, Alekar Market, near Bus Stop, Narayangaon, Maharashtra 410504",Narayangaon,Maharashtra,410504,Dental clinic,5,1,Add hours,19.117006,73.97399,https://www.google.com/maps?cid=12817362189205966995,dentist,India,,,,,
Dr. Ghadge dental clinic,Not found,,,,,"4X9F+87Q, Old Narayangaon, Narayangaon, Maharashtra 410504",Narayangaon,Maharashtra,410504,Hospital,5,1,Add hours,19.11834,73.973236,https://www.google.com/maps?cid=12464606702641122503,dentist,India,,,,,
Urban Smile Dental Hospital,+919356058662,Mobile,,,,"Oppo to Shraddha Hospital, Khodad Rd, Narayangaon, Maharashtra 410504",Narayangaon,Maharashtra,410504,Dental clinic,5,1,Closed · Opens 10:30 am Sun,19.117296,73.97601,https://www.google.com/maps?cid=6235777949834494228,dentist,India,,,,,
Dr Kathe Diagnostic Center,+919850143288,Mobile,,,,"Mahtre Wadi, Narayangaon, Maharashtra 410504",Narayangaon,Maharashtra,410504,Medical diagnostic imaging center,4.8,1033,Add hours,19.116312,73.97808,https://www.google.com/maps?cid=10803964770533623679,dentist,India,,,,,
Sai Multispeciality Dental Clinic - Dr Pratik Pote,+918888792602,Mobile,,,,"Shop no.3, Below Bhosale Hospital, Near by Post Office, Khodad road Khodad, road, Narayangaon, Maharashtra 410504",Narayangaon,Maharashtra,410504,Dentist,5,8,Add hours,19.117653,73.97619,https://www.google.com/maps?cid=2225684006267673733,dentist,India,,,,,
Dr.Potharkar Orodental & Genral Hospital,+919975595005,Mobile,,,,"Pune - Nashik Hwy, in front of maharashtra bank, Old Narayangaon, Narayangaon, Maharashtra 410504",Narayangaon,Maharashtra,410504,Hospital,4.5,8,Closed · Opens 9 am Sun,19.119991,73.97442,https://www.google.com/maps?cid=9074582808433526262,dentist,India,,,,,
WestHill Hospital & Research center,Not found,,,,https://westhillhealthcare.com/,"Shop no 1 to 5, Sai kamal building, C’ Wing, Narayangaon - Junnar Rd, near Hotel poonam, Narayangaon, Maharashtra 410504",Narayangaon,Maharashtra,410504,Dentist,5,142,Open · Closes 12 am,19.12489,73.97857,https://www.google.com/maps?cid=6753543218111489693,dentist,India,,,,,
Hari Krushi Paryatan,Not found,,,,,"1st Floor, Nimbarkar Market, Narayangaon, Maharashtra 410504",Narayangaon,Maharashtra,410504,Dental clinic,,,Add hours,19.116575,73.9729,https://www.google.com/maps?cid=785056639845643365,dentist,India,,,,,
Blood Storege Center,+919860140320,Mobile,,,,"Near Narayangaon Telephone Exchange Office, 4XCF 34J, Narayangaon, Maharashtra 410504",Narayangaon,Maharashtra,410504,Dental clinic,5,1,Add hours,19.120235,73.9728,https://www.google.com/maps?cid=10198100397372845651,dentist,India,,,,,
Jiwan Multispeciality Hospital,+919822331088,Mobile,,teamjiwanhospital@gmail.com,https://www.jiwanhospital.in/,"Sr No 1, 1141, Narayangaon - Junnar Rd, Narayangaon, Maharashtra 410504",Narayangaon,Maharashtra,410504,Hospital,4.6,35,Add hours,19.119755,73.96866,https://www.google.com/maps?cid=4069956779253856627,dentist,India,,,,,
Hande children's hospital and dental clinic,+918605515808,Mobile,,,,"Khodad road, Behind HDFC Bank, Narayangaon, Tal- Junnar, Maharashtra 410504",Tal- Junnar,Maharashtra,410504,Hospital,,,Closes soon · 8 pm,19.118181,73.976616,https://www.google.com/maps?cid=3251463050147276822,dentist,India,,,,,
DnyaneshwarBaliramko Surykant Lab,+919975564134,Mobile,,,,"Shankar Raw Market, Narayangaon, Maharashtra 410504",Narayangaon,Maharashtra,410504,Dental clinic,,,Add hours,19.120346,73.97841,https://www.google.com/maps?cid=18427704238402346943,dentist,India,,,,,
"Dr. SANDBHOR'S DENTAL CLINIC (ORTHODONTIST)Best dentist in rajgurunagar, painless rc,implant,aligner and braces speacialist",+917790909222,Mobile,,,,"near market yard, above Darshan Sweets, Rajgurunagar, Maharashtra 410505",Rajgurunagar,Maharashtra,410505,Dental clinic,4.9,205,Open · Closes 8 am Sun,18.855045,73.887276,https://www.google.com/maps?cid=14169404564477054930,dentist,India,,,,,
Smile Care Multispeciality Dental Clinic Implant and Laser Centre,+918788957108,Mobile,,,,"Wada Rd, Bazarpeth, Rajgurunagar, Maharashtra 410505",Rajgurunagar,Maharashtra,410505,Hospital,4.9,32,Open · Closes 8:30 pm,18.856062,73.881516,https://www.google.com/maps?cid=15456326681019904959,dentist,India,,,,,
Dhanvatari dental clinic,+917276161232,Mobile,,,https://technoflybusinesssolutions.com/cards/dhanwantari-dental-clinic-391,"1st floor, Juna motar stand, Rajgurunagar, Maharashtra 410505",Rajgurunagar,Maharashtra,410505,Dentist,5,90,Closed · Opens 10 am Mon,18.854404,73.88735,https://www.google.com/maps?cid=7946204325643345313,dentist,India,,,,,
Matoshree Dental Clinic,+919975588304,Mobile,,,,"VV3M+HP4, Above mahavir medicals, momin lane, kacheri road, Bazarpeth, Rajgurunagar, Maharashtra 410505",Rajgurunagar,Maharashtra,410505,Dental clinic,4.8,64,Closes soon · 8 pm,18.85389,73.88432,https://www.google.com/maps?cid=15790998269514326005,dentist,India,,,,,
Ekdantay Dental Care,+917058064820,Mobile,,,,"VV4M+47V Sai Raj Bakery, Near, Tinhewadi Rd, Rajgurunagar, Pune, Maharashtra 410505",Pune,Maharashtra,410505,Dental clinic,4.9,19,Closes soon · 8 pm,18.855446,73.88321,https://www.google.com/maps?cid=16395475674138659789,dentist,India,,,,,
Paras Dental Clinic and Implant Center,+919975270241,Mobile,,,,"opp. Khadke Hospital, above Vitthal Rukhmai Mandir, Shashtri Chowk, Bazarpeth, Rajgurunagar, Pune, Maharashtra 410505",Pune,Maharashtra,410505,Dental clinic,4.2,5,Closes soon · 7:30 pm,18.852613,73.88455,https://www.google.com/maps?cid=862652884046211465,dentist,India,,,,,
CreativeSmiles Dental Clinic,+917066639639,Mobile,,,,"Shop no 101-103, Classic Pride, ST stand, Rakshewadi Rd, above S- mart, behind Rajgurunagar, Rajgurunagar, Maharashtra 410505",Rajgurunagar,Maharashtra,410505,Dentist,5,1,Closes soon · 7:30 pm,18.85469,73.889175,https://www.google.com/maps?cid=6834718680520481264,dentist,India,,,,,
Dr Abhijit Chikhalikar DENTAL CARE AND IMPLANT CENTRE,+919822106843,Mobile,,,,"MOMIN LANE , NEAR SANJEEVANI MEDICALS RAJGURUNAGAR TAL KHED, PUNE, Maharashtra 410505",PUNE,Maharashtra,410505,Dental clinic,4.9,7,Closed · Opens 9 am Sun,18.853678,73.884094,https://www.google.com/maps?cid=364335729350463866,dentist,India,,,,,
Namo Dental Care,+917517818081,Mobile,,,,"Pune - Nashik Hwy, Maharashtra 410505",Pune - Nashik Hwy,Maharashtra,410505,Dental clinic,5,3,Closed · Opens 3 pm Mon,18.85546,73.88743,https://www.google.com/maps?cid=7129085688571795893,dentist,India,,,,,
SHIVTIRTH HOSPITAL Pvt Ltd. - Best Hospital in Rajgurunagar,Not found,,,,https://shivtirthhospital.in/,"Gat No 310/1, Vishnu Heights, Pabal Rd, Rajgurunagar, Maharashtra 410505",Rajgurunagar,Maharashtra,410505,Hospital,4.8,37,Open 24 hours,18.851156,73.889725,https://www.google.com/maps?cid=1952773220684777528,dentist,India,,,,,
Kalpavruksha Dental and Physiotherapy rehabilitation clinic,Not found,,,,,"Kalpavruksh Clinic Nehru Chowk, Kacheri Road, post office road, near Surbhi gift shop, Rajgurunagar, Maharashtra 410505",Rajgurunagar,Maharashtra,410505,Dental clinic,5,3,Closed · Opens 10 am Mon,18.853664,73.882805,https://www.google.com/maps?cid=14243024934781375254,dentist,India,,,,,
Dr Swati Mhetras Dental Clinic,+919273491182,Mobile,,,,"Shop No 1, Wada Rd, near Geeta Medical Khed, Rajgurunagar, Maharashtra 410505",Rajgurunagar,Maharashtra,410505,Doctor,,,Add hours,18.857853,73.8792,https://www.google.com/maps?cid=17115173865138234331,dentist,India,,,,,
DR.DEEPAK OZA DENTAL CLINIC,+919373315240,Mobile,,,,"PMJF+R7M, Rajgurav Colony, Talegaon Dabhade R, Maharashtra 410507",Talegaon Dabhade R,Maharashtra,410507,Hospital,4.9,367,Closed · Opens 10 am Mon,18.732086,73.67317,https://www.google.com/maps?cid=6886500163725099785,dentist,India,,,,,
"Dr. Mane's Dental Clinic . Best Dental Clinic In Talegaon Dabhade , Dentist near me , Best Dental Implant Clinic",+919270212312,Mobile,,,https://www.drmanedentalclinic.com/,"Sai Square Complex, Maruti Mandir chowk, near shah jewellers & cotton king, Talegaon Dabhade, Maharashtra 410506",Talegaon Dabhade,Maharashtra,410506,Dental clinic,5,320,Open · Closes 8:30 pm,18.720562,73.683266,https://www.google.com/maps?cid=7825912199692440049,dentist,India,,,,,
Shri Sadguru Krupa Dental Clinic,+917775893910,Mobile,,,,"Shop no 2, Centre One, Jijamata chowk, station road, Talegaon Dabhade R, Maharashtra 410506",Talegaon Dabhade R,Maharashtra,410506,Dental clinic,5,71,Open · Closes 9 pm,18.723223,73.682976,https://www.google.com/maps?cid=10493661080602522821,dentist,India,,,,,
Oswal Dental Care & Implant Centre,+919960270227,Mobile,,,,"PMCM+435, Tapodham Colony, Tukaram Nagar, Talegaon Dabhade, Maharashtra 410506",Talegaon Dabhade,Maharashtra,410506,Dental clinic,5,5,Closes soon · 8 pm,18.720247,73.68273,https://www.google.com/maps?cid=7705521260370126008,dentist,India,,,,,
dental earth & cosmo earth,+917319944310,Mobile,,,https://dentalandcosmoearth.com/,"2nd floor, Talegaon Dabhade Rd, above lenskart, next to janta sahkari bank, Rajgurav Colony, Maharashtra 410507",Rajgurav Colony,Maharashtra,410507,Dentist,5,21,Open · Closes 9 pm,18.732141,73.67464,https://www.google.com/maps?cid=16506220646736844088,dentist,India,,,,,
Dattakrupa dental clinic and implant centre| Dr Shreyas Nazirkar MDS Prosthodontist,+919970050450,Mobile,,,,"station road, behind kaka halwai, near swami vivekanand school, Talegaon Dabhade, Maharashtra 410506",Talegaon Dabhade,Maharashtra,410506,Dentist,5,29,Open · Closes 9:30 pm,18.727148,73.679756,https://www.google.com/maps?cid=16499217502919678470,dentist,India,,,,,
Dentique the Dental studio(Best dental clinic in pune),+919421226605,Mobile,,,https://dentiquedentalclinicpune.com/,"63, Maruti Mandir Rd, Tukaram Nagar, Talegaon Dabhade, Maharashtra 410507",Talegaon Dabhade,Maharashtra,410507,Dental clinic,4.9,330,Open · Closes 9 pm,18.720968,73.68203,https://www.google.com/maps?cid=9448133200797054168,dentist,India,,https://www.facebook.com/profile.php,https://www.instagram.com/dentiquethedentalstudio1/,,
Dr. Bhosale's Shree multispeciality dental centere,+919970667139,Mobile,,,,"Talegaon Station Rd, near Nagar Parishad, Rajgurav Colony, Talegaon Dabhade R, Maharashtra 410507",Talegaon Dabhade R,Maharashtra,410507,Dental clinic,4.9,426,Open · Closes 8:45 pm,18.727808,73.67896,https://www.google.com/maps?cid=17563740901553927011,dentist,India,,,,,
SANGHVI LASER DENTAL CARE,+919890384953,Mobile,,,http://sanghvidentalcare.blogspot.com/,"Plot 1 mascernis colony, next to baramati bank, Talegaon Dabhade, Maharashtra 410506",Talegaon Dabhade,Maharashtra,410506,Dental clinic,4.9,206,Open · Closes 8:30 pm,18.716496,73.67767,https://www.google.com/maps?cid=13821044800319044582,dentist,India,,,,,
Suyog Dental Clinic and Implant Center,+919881098870,Mobile,,,https://www.instagram.com/risus_aesthetics?igsh=MXRpMzlnZnp5M2x6Mg==,"Suyog Dental Clinic, opposite to Teli Samaj Karyaly, Talegaon Dabhade, Maharashtra 410506",Talegaon Dabhade,Maharashtra,410506,Dentist,5,21,Closes soon · 8 pm,18.720072,73.68545,https://www.google.com/maps?cid=16964861964017845004,dentist,India,,https://developers.facebook.com/docs/instagram,https://www.instagram.com/contactus,,
Smile With Us Dental Care,+918149263223,Mobile,,,https://www.instagram.com/smilewithus.dental.care?igsh=MTdhdWp4a3I4ZnkzZA==,"Namrata Commercial Complex Talegaon chakan road, Shantinath Society Rd, below IDBI bank, Vatan Nagar, Talegaon Dabhade, Maharashtra 410507",Talegaon Dabhade,Maharashtra,410507,Dental clinic,4.9,134,Open · Closes 10 pm,18.73353,73.67914,https://www.google.com/maps?cid=15601550758487090479,dentist,India,,https://developers.facebook.com/docs/instagram,https://www.instagram.com/smilewithus.dental.care,,
Ekdant Dental clinic & Implant centre (Dr. Pradnya Patil),+919370107559,Mobile,,,,"Ekdant dental clinic & Implant center, Talegaon - Chakan Hwy, near Shree Clinic, Manohar Nagar, Talegaon Dabhade R, Maharashtra 410507",Talegaon Dabhade R,Maharashtra,410507,Dental clinic,5,42,Open · Closes 9 pm,18.734488,73.69129,https://www.google.com/maps?cid=17946801332654182833,dentist,India,,,,,
AlignMate Dental Studio,+918484863957,Mobile,,press@linktr.ee,https://linktr.ee/alignmatedental,"Shop no. 1, M Square Building, opposite Bhandari Hospital, below Mehta Jewellers, Talegaon Dabhade, Maharashtra 410506",Talegaon Dabhade,Maharashtra,410506,Orthodontist,5,26,Open · Closes 9 pm,18.71827,73.68006,https://www.google.com/maps?cid=4803825093229306866,dentist,India,,,https://www.instagram.com/linktr.ee/,,
ASHWINI DENTAL CLINIC,+919420862808,Mobile,,,,"Shop No 4, near by Gajanan Maharaj mandir, New Anand Nagar, Maharashtra 410506",New Anand Nagar,Maharashtra,410506,Dental clinic,4.6,10,Open · Closes 9 pm,18.71727,73.67891,https://www.google.com/maps?cid=10266100651530277914,dentist,India,,,,,
Yash Dental Specialities,+918788553982,Mobile,,yashdentalspecialities@gmail.com,http://yashdentalspecialities.com/,"Yash Dental Specialities, Samarth Chaya Complex, Talegaon - Chakan Hwy, Vatan Nagar, Talegaon Dabhade R, Maharashtra 410507",Talegaon Dabhade R,Maharashtra,410507,Dental clinic,5,147,Open · Closes 10 pm,18.733315,73.678276,https://www.google.com/maps?cid=13314451276353876673,dentist,India,,,https://www.instagram.com/yashdentalspecialities,https://www.linkedin.com/in/dryashoswal/,
Saavi Dental Clinic,+919403088322,Mobile,,,,"Shop no.4, Balador Athena, Mantra City Rd, near Tatva Hotel, Talegaon Dabhade R, Maharashtra 410507",Talegaon Dabhade R,Maharashtra,410507,Dental clinic,4.9,84,Closes soon · 8 pm,18.728304,73.67469,https://www.google.com/maps?cid=2562374846762332290,dentist,India,,,,,
Dr.Umap's Dental Care And Implant Center,+918766933505,Mobile,,,https://drumaps-dental-care-talegaon-dabhade.grexa.site/,"Tukaram Smruti Plaza, Parandwadi Rd, opp. Pawna Bank, above Samarth Dairy, Somatne Phata, Tal.Maval, Maharashtra 410506",Tal.Maval,Maharashtra,410506,Dental clinic,4.8,143,Open · Closes 9 pm,18.70331,73.6866,https://www.google.com/maps?cid=2175083699322259466,dentist,India,,,,,
Dr. Bhandare Dental Clinic,+917498222318,Mobile,,,http://bhandaredentalclinic.com/,"Talegaon - Chakan Hwy, beside maval grand hotel, Talegaon Dabhade R, Maharashtra 410507",Talegaon Dabhade R,Maharashtra,410507,Dental clinic,5,16,Open · Closes 9 pm,18.734976,73.69146,https://www.google.com/maps?cid=11123553435347810439,dentist,India,,,,,
Sukhkarta Neonatal/Pediatric And Multispeciality Dental Clinic,Not found,,,,,"opp. Abhyudaya Bank, near Nagarpalika, Talegaon Dabhade R, Maharashtra 410506",Talegaon Dabhade R,Maharashtra,410506,Medical clinic,4.4,112,Opens soon · 7:30 pm,18.72504,73.68096,https://www.google.com/maps?cid=9778431317295181804,dentist,India,,,,,
Samruddhi dental clinic and Implant care unit,+919764512171,Mobile,,,https://samruddhidental.com/,"sr.no. 4671, Mali Aali, Bhama Ambar apartment, Subhash chowk, near old police station, Jijamata chowk, Talegaon Dabhade, Maharashtra 410506",Talegaon Dabhade,Maharashtra,410506,Dental clinic,5,13,Open · Closes 8:30 pm,18.721533,73.68573,https://www.google.com/maps?cid=10946665151818657973,dentist,India,,,,,
Dental Clinic,+919270212312,Mobile,,,,"107, Bits Computer Education, Talegaon Dabhade, Maharashtra 410506",Talegaon Dabhade,Maharashtra,410506,Dental clinic,4.5,2,Open · Closes 9 pm,18.72076,73.68324,https://www.google.com/maps?cid=10094173488950377972,dentist,India,,,,,
Kuchekar Dental Clinic,+919822682595,Mobile,,,,"PMHH+672, Rajgurav Colony, Talegaon Dabhade R, Maharashtra 410507",Talegaon Dabhade R,Maharashtra,410507,Dental clinic,4,4,Add hours,18.728018,73.67813,https://www.google.com/maps?cid=18338666005094517908,dentist,India,,,,,
Om sai dental clinic,+919671987750,Mobile,,,,"Shop no.11,12, wind flower building, opp. shri govind medical, Swaraj Nagari, Talegaon Dabhade R, Maharashtra 410507",Talegaon Dabhade R,Maharashtra,410507,Dentist,4.9,29,Closes soon · 8 pm,18.729038,73.6587,https://www.google.com/maps?cid=4676178195163403036,dentist,India,,,,,
Smile Dental Clinic,+919881102595,Mobile,,,,"PMCM+F9H, Jijamata Chowk, Bazar Peth Rd, near Jinamata Temple, Talegaon Dabhade, Maharashtra 410506",Talegaon Dabhade,Maharashtra,410506,Dental clinic,1.8,6,Closed · Opens 11 am Sun,18.721193,73.68347,https://www.google.com/maps?cid=7500909805821506579,dentist,India,,,,,
Chhaya dental clinic,Not found,,,,,"taluka maval, Trimurti plaza somatne phata parandwadi road, dist, Somatne Phata, Maharashtra 410506",Somatne Phata,Maharashtra,410506,Dental clinic,5,1,Open · Closes 9:30 pm,18.702847,73.68665,https://www.google.com/maps?cid=4255615214690234532,dentist,India,,,,,
ProDent Dental Lab,Not found,,,,,"near Murlidhar Temple, Jijamatak Chowk, Talegaon Dabhade, Maharashtra 410506",Talegaon Dabhade,Maharashtra,410506,Dental laboratory,,,Closes soon · 8 pm,18.72064,73.684525,https://www.google.com/maps?cid=9699431149673831173,dentist,India,,,,,
Aaradhya Dental Care Center,+919860914268,Mobile,,,https://aaradhya-dental-care.grexa.site/,"Station road, ghavane chembers, opp. sevadham hospital, Talegaon Dabhade R, Maharashtra 410507",Talegaon Dabhade R,Maharashtra,410507,Dental clinic,4,4,Open · Closes 9:30 pm,18.732212,73.672005,https://www.google.com/maps?cid=10047859428118673445,dentist,India,,,,,
Om Dental Clinic,+918459811599,Mobile,,,https://softspectra.co/webapp/om-dental-clinic,"1St floor, Trimurti Plaza, near Pawana Bank, above Bade Hospital, Somatne Phata, Maharashtra 410506",Somatne Phata,Maharashtra,410506,Dental clinic,4.3,3,Closes soon · 8 pm,18.702915,73.68621,https://www.google.com/maps?cid=768463667648414875,dentist,India,,,,,
Dr Sucheta Bedarkar,+919822622232,Mobile,,,,"PMCM+C3G, Maruti Mandir Rd, Tukaram Nagar, Talegaon Dabhade, Maharashtra 410506",Talegaon Dabhade,Maharashtra,410506,Dentist,5,1,Add hours,18.721052,73.682686,https://www.google.com/maps?cid=3630256485892442891,dentist,India,,,,,
Dr. Kakade Dental clinic & Implant centre,Not found,,,,,"Sr No. 353, Parandwadi Rd, near sakshi diagnostic, Talegaon Dabhade, Maharashtra 410506",Talegaon Dabhade,Maharashtra,410506,Dental clinic,,,Open · Closes 8:30 pm,18.704031,73.68359,https://www.google.com/maps?cid=15284168775547494368,dentist,India,,,,,
Rudra Dental Clinic,Not found,,,,,"PM8H+M52, 107, Talegaon Dabhade Rd, Near Morya Hospital, Tukaram Nagar, Talegaon Dabhade, Maharashtra 410506",Talegaon Dabhade,Maharashtra,410506,Dental clinic,,,Open · Closes 9 pm,18.716518,73.67798,https://www.google.com/maps?cid=128843729604366534,dentist,India,,,,,
Dr Kakade's Dental hub and implant centre,+919422211669,Mobile,,,http://drsagark.drxpro.in/,"somaṭaṇe phaṭa, Somatne Phata, Tukaram Nagar, Somatane, Maharashtra 410506",Somatane,Maharashtra,410506,Dentist,,,Closed · Opens 9 am Sun,18.704023,73.68362,https://www.google.com/maps?cid=1783960407127642568,dentist,India,,,,,
Dr.Bade's,Not found,,,,,"PM3P+5H7, Parandwadi Rd, Somatne Phata, Talegaon Dabhade, Maharashtra 410506",Talegaon Dabhade,Maharashtra,410506,Dentist,4,3,Add hours,18.702906,73.68641,https://www.google.com/maps?cid=5768992429250179560,dentist,India,,,,,
Lahan Mulacha Dawakhana,+917020741675,Mobile,,,,"Shop Number 14, Shop No. 2, near Talegaon, Nager Parishad, Kalokhe wadi, Talegaon Dabhade R, Maharashtra 410506",Talegaon Dabhade R,Maharashtra,410506,Dental clinic,,,Open · Closes 9 pm,18.722294,73.679306,https://www.google.com/maps?cid=11881217501833485199,dentist,India,,,,,
Ord Depot Talegaon Dabhade,Not found,,,,,"PPF2+M2G, Talegaon Dabhade, Maharashtra 410507",Talegaon Dabhade,Maharashtra,410507,Government office,4.9,13,Closed · Opens 8 am Mon,18.724186,73.70009,https://www.google.com/maps?cid=15995312490067372922,dentist,India,,,,,
Rathod Clinic,Not found,,,,,"PMCM+9C9, Jijamata Chowk, Talegaon Dabhade Rd, near Jija Mata Temple, Tukaram Nagar, Talegaon Dabhade, Maharashtra 410506",Talegaon Dabhade,Maharashtra,410506,Medical clinic,4.2,5,Open · Closes 9 pm,18.720936,73.683624,https://www.google.com/maps?cid=15456917321099271360,dentist,India,,,,,
Talegaon Dabhade,Not found,,,,,,,,,Transport hub,,,,18.721674,73.68403,https://www.google.com/maps?cid=5560525962922213904,dentist,,,,,,
Smart Dentist Dental Clinic,Not found,,,,,"shop No. 6, Tuakaram smruti plaza, opp. HDFC Bank, Somatne Phata, Pune, Maharashtra 410506",Pune,Maharashtra,410506,Dental clinic,,,Open · Closes 9 pm,18.703259,73.68663,https://www.google.com/maps?cid=16427606087724260586,dentist,India,,,,,
Sumati Dental Clinic & Implant Center,+917038696490,Mobile,,,https://sumati-dental-clinic.grexa.site/,"1st floor, Talegaon Dabhade, Maharashtra 410507",Talegaon Dabhade,Maharashtra,410507,Dental clinic,5,17,Open · Closes 8:30 pm,18.738846,73.67614,https://www.google.com/maps?cid=9583200398321349399,dentist,India,,,,,
OMKAR DENTAL CLINIC AND SKIN HAIR LASER CENTRE,+919175021734,Mobile,,,,"A-4, Plot no, Prathamesh Apartments, 7, Talegaon - Chakan Hwy, Anand Nagar, Talegaon Dabhade R, Maharashtra 410507",Talegaon Dabhade R,Maharashtra,410507,Dental clinic,4.9,36,Open · Closes 10:30 pm,18.734184,73.686676,https://www.google.com/maps?cid=14829792732654504850,dentist,India,,,,,
Krishna Dental Care,+917566808841,Mobile,,,,"Talegaon - Chakan Hwy, adjacent to unique hospital, Vidya Vihar Colony, Manohar Nagar, Talegaon Dabhade R, Maharashtra 410507",Talegaon Dabhade R,Maharashtra,410507,Dental clinic,5,8,Open · Closes 8:30 pm,18.734476,73.69056,https://www.google.com/maps?cid=10177273304357687750,dentist,India,,,,,
Dr Anupam Salvi,Not found,,,,,"PMQG+994, Yashwant Nagar, Talegaon Dabhade R, Maharashtra 410507",Talegaon Dabhade R,Maharashtra,410507,Dental clinic,4.9,11,Closed · Opens 8:30 am Mon,18.738377,73.67597,https://www.google.com/maps?cid=10570313731945769043,dentist,India,,,,,
Smile Clinic,Not found,,,,,"Shop No 3,Vishwamalati,28 Yashwantnagar,, Near Shivaji Chowk, Talegaon Dabhade Station, Taluka Maval, Dist. Pune, Maharashtra 410507",Dist. Pune,Maharashtra,410507,Dental clinic,5,4,Closed · Opens 9:30 am Mon,18.738756,73.67447,https://www.google.com/maps?cid=12357189919683378524,dentist,India,,,,,
Kolapkar dental clinic,+919699217464,Mobile,,,,"At post, raghukul complex, Ghodegaon, Maharashtra 412408",Ghodegaon,Maharashtra,412408,Dental clinic,5,2,Closed · Opens 10 am Mon,19.044611,73.83808,https://www.google.com/maps?cid=9570169998054478735,dentist,India,,,,,
Matrukrupa Clinic,+919767855641,Mobile,,,,"Shop No 1, near Gintajali Stone Crasher, Pimpalgaon Tarf Ghoda, Maharashtra 412408",Pimpalgaon Tarf Ghoda,Maharashtra,412408,Dental clinic,,,Add hours,19.07275,73.80792,https://www.google.com/maps?cid=114974131726359537,dentist,India,,,,,
Teeth Heal Dental Clinic,+919595908236,Mobile,,,,"1 st Floor, ELITE PREMIO, Office No, 104 A, Dasara Chowk, beside Akash classes, Balewadi, Pune, Maharashtra 411045",Pune,Maharashtra,411045,Dental clinic,5,495,Open · Closes 9 pm,18.574003,73.776695,https://www.google.com/maps?cid=1083435132876258658,dentist,India,,,,,
Tooth Friend Dental Clinic,+917420004344,Mobile,,,,"Shop No. 2, Dattatara Apartment, Dhore Nagar Lane Number 1, Old Sangvi, Maharashtra 411027",Old Sangvi,Maharashtra,411027,Dental clinic,4.8,146,Open · Closes 8:30 pm,18.57405,73.82109,https://www.google.com/maps?cid=3734239380738208287,dentist,India,,,,,
Mr.Dentist - Dr Harsh Sawant,+919890756870,Mobile,,harsh0768@gmail.com,http://www.mrdentistpune.com/,"Shop No. 101, Runwal Diamond Mall, NIBM Rd, Undri, Pune, Maharashtra 411060",Pune,Maharashtra,411060,Dentist,4.9,330,Closes soon · 8 pm,18.463526,73.90464,https://www.google.com/maps?cid=17037121161376834667,dentist,India,,https://www.facebook.com/profile.php,https://www.instagram.com/mr.dentist_clinic_academy/,,
Dr. Dombe's Dental Clinic,+919890840340,Mobile,,,,"101, 102, Sadguru Sai Paradise, 103 & 106, Bharat Ratna Dr. Babasaheb Ambedkar Marg, Thergaon, Pimpri-Chinchwad, Pune, Maharashtra 411033",Pune,Maharashtra,411033,Dental clinic,4.6,58,Closes soon · 8 pm,18.613894,73.77607,https://www.google.com/maps?cid=3789513413151169465,dentist,India,,,,,
